[
    {
        "name": "FLIPPED_HUSSAR_RIFLE",
        "flippedFrom": "HUSSAR_RIFLE"
    },
    {
        "name": "HUSSAR_RIFLE",
        "categories": ["WEAPONS"],
        "required": "AERIAL_CORPS",
        "isWeapon": true,
        "isGun": true,
        "w": 1,
        "h": 1,
        "appearance": {
            "src": "balancetest_R2",
            "x": 0,
            "y": 12
        },
        "hp": 40,
        "fireHP": 18,
        "moveDelay": 800,
        "weight": 8,
        "cost": 55,
        "crew": 1,
        "recommendedCrew": 1,
        "frontOnly": true,
        "reload": 1800,
        "clip": 6,
        "inaccuracy": 0.005,
        "fixedInaccuracyVsTroops": 14,
        "blastDmg": 0,
        "penDmg": 24,
		"maxRange": 800,
        "shootTroopsRange": 300,
        "fireArc": { "direction": "forwards", "degrees": 160 },
        "muzzleCenterX": 0.8125,
        "muzzleCenterY": 0.6875,
        "muzzleLength": 1.125,
        "fireSound": {
            "base": {
                "layers": [
                    {
                        "variations": [ "rifle0" ],
                        "volume": 0.8,
                        "pitch": {
                            "min": 0.9,
                            "max": 1.1,
                            "distance": [
                                0, 1.2,
                                3000, 0.5
                            ]
                        }
                    }
                ]
            },
            "LIGHTWEIGHT_ROUNDS": {
                "layers": [
                    {
                        "variations": [ "rifle0" ],
                        "volume": 0.7,
                        "pitch": {
                            "min": 1.3,
                            "max": 1.4,
                            "distance": [
                                0, 1.2,
                                3000, 0.5
                            ]
                        }
                    }
                ]
            },
            "ARMOUR_PIERCING_ROUNDS": {
                "layers": [
                    {
                        "variations": [ "rifle0" ],
                        "volume": 0.9,
                        "pitch": {
                            "min": 0.7,
                            "max": 0.8,
                            "distance": [
                                0, 1.2,
                                3000, 0.5
                            ]
                        }
                    }
                ]
            },
        },
        "optimumRange": 800,
        "jitterMerge": 0.4,
        "weaponAppearance": {
            "shot": { "src": "balancetest_R2", "x": 48, "y": 224, "w": 2, "h": 1 },
            "barrel": { "src": "balancetest_R2", "x": 30, "y": 214, "w": 27, "h": 5 },
            "barrelX": 0.5,
            "barrelY": 8.5,
            "recoil": 2
        }
    }
]