[
    {
        "name": "FLIPPED_AERIAL_TORPEDO_EXTERNAL",
        "flippedFrom": "AERIAL_TORPEDO_EXTERNAL"
    },
    {
        "name": "AERIAL_TORPEDO_EXTERNAL",
        "verticallyFlippedVersion": "AERIAL_TORPEDO_EXTERNAL_TOP",
        "categories": ["WEAPONS"],
        "required": "TORPEDOES",
        "isWeapon": true,
        "w": 2,
        "h": 1,
        "appearance": {
            "src": "spritesheet",
            "x": 30,
            "y": 26,
            "w": 2,
            "h": 1
        },
        "mask": { "x": 30, "y": 26 },
        "externalAppearances": [
            {
                "x": 0,
                "y": 0,
                "appearance": {
                    "src": "spritesheet",
                    "x": 30,
                    "y": 26,
                    "w": 2,
                    "h": 1
                }
            }
        ],
        "external": true,
        "drawExternalsBelowDecals": true,
		"drawAppearanceInside": false,
        "drawExternalsWhenInside": true,
        "externalSubColor": { "r": 88, "g": 92, "b": 96 },
        "hp": 80,
        "moveDelay": 10000,
        "weight": 30,
        "cost": 50,
        "crew": 0,
        "canOccupy": [],
        "frontOnly": true,
        "bottomOnly": false,
        "isExplosive": true,
        "shotSpeed": 0.2,
        "jitterMerge": 0,
        "canResupplyInCombat": false,
        "inaccuracy": 0.0008,
        "obeysFireMode": false,
		"impactForce": { "base": 3, "OPTIMAL_DISTANCE_FUZE": 1 },
        "blastDmg": { "base": 160, "OPTIMAL_DISTANCE_FUZE": 192 },
        "blastSplashRadius": 50,
        "minXRange": { "base": 300, "SAFETY_FUZES": 60 },
        "penDmg": 0,
        "fireArc": { "direction": "forwards", "degrees": 10 },
        "muzzleCenterX": 1.5,
        "muzzleCenterY": 0.65625,
        "muzzleLength": 0,
        "muzzleFlash": false,
        "optimumRange": 300,
        "explodeHP": 30,
        "explodeDmg": 100,
        "hitSound": {
            "layers": [
                {
                    "variations": ["explosion_2"],
                    "volume": 3.0,
                    "pitch": {
                        "min": 0.9,
                        "max": 1.1
                    }
                }
            ]
        },
        "fireSound": {
            "layers": [
                {
                    "variations": [ "torpedo0", "torpedo1" ],
                    "volume": 2.0,
                    "pitch": {
                        "min": 0.9,
                        "max": 1.1
                    }
                }
            ]
        },
        "weaponAppearance": {
            "onlyShowBarrelIfLoaded": true,
            "shotAnimationInterval": 90,
            "shotFrames": [
                { "src": "spritesheet", "x": 309, "y": 416, "w": 36, "h": 13 },
                { "src": "spritesheet", "x": 351, "y": 416, "w": 36, "h": 13 },
                { "src": "spritesheet", "x": 393, "y": 416, "w": 36, "h": 13 },
                { "src": "spritesheet", "x": 435, "y": 416, "w": 36, "h": 13 }
            ],
            "hitExplosionSize": 4,
            "missExplosionSize": 2,
            "barrel": { "src": "spritesheet", "x": 309, "y": 416, "w": 36, "h": 13 },
            "barrelX": 6,
            "barrelY": 4,
            "shotEmitter": { "type": "trailing_smoke", "emitProbability": 0.0012 }
        }
    },
    {
        "name": "FLIPPED_AERIAL_TORPEDO_EXTERNAL_TOP",
        "flippedFrom": "AERIAL_TORPEDO_EXTERNAL_TOP"
    },
    {
        "name": "AERIAL_TORPEDO_EXTERNAL_TOP",
        "categories": ["WEAPONS"],
        "required": "TORPEDOES",
        "isWeapon": true,
        "w": 2,
        "h": 1,
        "appearance": {
            "src": "spritesheet",
            "x": 32,
            "y": 25,
            "w": 2,
            "h": 1
        },
        "mask": { "x": 32, "y": 25 },
        "externalAppearances": [
            {
                "x": 0,
                "y": 0,
                "appearance": {
                    "src": "spritesheet",
                    "x": 32,
                    "y": 25,
                    "w": 2,
                    "h": 1
                }
            }
        ],
        "external": true,
        "drawExternalsBelowDecals": true,
		"drawAppearanceInside": false,
        "drawExternalsWhenInside": true,
        "externalSubColor": { "r": 88, "g": 92, "b": 96 },
        "hp": 80,
        "moveDelay": 10000,
        "weight": 30,
        "cost": 50,
        "crew": 0,
        "canOccupy": [],
        "frontOnly": true,
        "topOnly": false,
        "isExplosive": true,
        "shotSpeed": 0.2,
        "jitterMerge": 0,
        "canResupplyInCombat": false,
        "inaccuracy": 0.0008,
        "obeysFireMode": false,
		"impactForce": { "base": 3, "OPTIMAL_DISTANCE_FUZE": 1 },
        "blastDmg": { "base": 160, "OPTIMAL_DISTANCE_FUZE": 192 },
        "blastSplashRadius": 50,
        "minXRange": { "base": 300, "SAFETY_FUZES": 60 },
        "penDmg": 0,
        "fireArc": { "direction": "forwards", "degrees": 10 },
        "muzzleCenterX": 1.5,
        "muzzleCenterY": 0.46875,
        "muzzleLength": 0,
        "muzzleFlash": false,
        "optimumRange": 300,
        "explodeHP": 30,
        "explodeDmg": 100,
        "hitSound": {
            "layers": [
                {
                    "variations": ["explosion_2"],
                    "volume": 3.0,
                    "pitch": {
                        "min": 0.9,
                        "max": 1.1
                    }
                }
            ]
        },
        "fireSound": {
            "layers": [
                {
                    "variations": [ "torpedo0", "torpedo1" ],
                    "volume": 2.0,
                    "pitch": {
                        "min": 0.9,
                        "max": 1.1
                    }
                }
            ]
        },
        "weaponAppearance": {
            "onlyShowBarrelIfLoaded": true,
            "shotAnimationInterval": 90,
            "shotFrames": [
                { "src": "spritesheet", "x": 309, "y": 416, "w": 36, "h": 13 },
                { "src": "spritesheet", "x": 351, "y": 416, "w": 36, "h": 13 },
                { "src": "spritesheet", "x": 393, "y": 416, "w": 36, "h": 13 },
                { "src": "spritesheet", "x": 435, "y": 416, "w": 36, "h": 13 }
            ],
            "hitExplosionSize": 4,
            "missExplosionSize": 2,
            "barrel": { "src": "spritesheet", "x": 309, "y": 416, "w": 36, "h": 13 },
            "barrelX": 6,
            "barrelY": 1,
            "shotEmitter": { "type": "trailing_smoke", "emitProbability": 0.0012 }
        }
    },
]
