[
	{
		"name": "FLIPPED_DECK_GUN",
		"flippedFrom": "DECK_GUN"
	},
	{
		"name": "DECK_GUN",
		"categories": ["WEAPONS"], "sort": 9,
		"required": "DECK_GUNS",
		"isWeapon": true, "isGun": true, "isCannon": true,
		"external": true,
		"w": 2, "h": 1,
		"armourType": "LT_STEEL_HIDDEN",
		"appearance": {
			"base": { "src": "modules", "x": 20, "y": 33, "w": 2 },
			"INCREASED_CANNON_DAMAGE": { "src": "modules", "x": 22, "y": 33, "w": 2 },
		},
        "externalAppearances": {
			"base": [ {
				"x": 0, "y": -1,
				"appearance": { "src": "modules", "x": 18, "y": 32, "w": 2, "h": 2 }
			} ],
			"INCREASED_CANNON_DAMAGE": [ {
				"x": 0, "y": 0,
				"appearance": { "src": "modules", "x": 22, "y": 34, "w": 2 }
			} ]
		},
		"drawExternalsBelowDecals": true,
		"producesHorizontalDrag": false,
		"externalSubColor": { "r": 106, "g": 105, "b": 104 },
		"frontOnly": true, "topOnly": true,
		"moveDelay": 600,
		"hp": 40,
		"fireHP": 0,
		"explodeHP": { "base": 10, "SAFER_CANNONS": 0 },
		"explodeDmg": { "base": 30, "SAFER_CANNONS": 0 },
		"weight": 50,
		"cost": 50,
		"crew": 2,
		"recommendedCrew": 3, "recommendedGuards": 1,
		"penDmg": { "base": 24, "INCREASED_CANNON_DAMAGE": 30 },
		"reload": { "base": 2000, "FASTER_CANNON_RELOAD": 1600 },
		"clip": 2,
		"recoilForce": 1.0,
		"inaccuracy": { "base": 0.002, "PRECISE_GUNNERY": 0.001 },
		"optimumRange": 500, "shootTroopsRange": 200,
		"fireArc": { "arcCenter": "325", "degrees": 90 },
		"muzzleCenterX": 0.875,
		"muzzleCenterY": {
			"base": 0.375,
			"INCREASED_CANNON_DAMAGE": 0.5,
		},
		"muzzleLength": 1.8,
		"hitParticle": "damaged_spark",
		"fragmentsFireMult": 0.5,
		"hardness": 0.9,
		"weaponAppearance": {
			"base": {
				"shot": { "src": "modules", "x": 147, "y": 491, "w": 2, "h": 2 },
				"barrel": { "src": "modules", "x": 92, "y": 448, "w": 54, "h": 8 },
				"barrelX": -13, "barrelY": 2,
				"recoil": 8,
			},
			"INCREASED_CANNON_DAMAGE": {
				"shot": { "src": "modules", "x": 145, "y": 487, "w": 3, "h": 1 },
				"barrel": { "src": "modules", "x": 94, "y": 496, "w": 56, "h": 8 },
				"barrelX": -14, "barrelY": 4,
				"recoil": 10,
				"shotEmitter": { "type": "trailing_smoke", "emitProbability": 0.001 }
			},
		},
		"fireSound": {
			"layers": [
				{
					"variations": [ "cannon0", "cannon1", "cannon2", "cannon3", "cannon4", "cannon5", "cannon6" ],
					"volume": {
						"value": 1.5,
						"distance": [
							0, 1,
							750, 0.75,
							2000, 0.3,
							3000, 0.2,
							4000, 0.1,
							5000, 0
						],
					},
					"pitch": {
						"min": 1.1, "max": 1.3,
						"distance": [
							0, 1,
							2000, 0.9,
							4000, 0.75
						]
					}
				},
				{
					"variations": [ "cannon_high_1", "cannon_high_2", "cannon_high_3", "cannon_high_4", "cannon_high_5", "cannon_high_6" ],
					"volume": {
						"value": 0.4,
						"distance": [
							0, 1,
							750, 0.75,
							2000, 0.3,
							3000, 0.2,
							4000, 0.1,
							5000, 0
						],
					},
					"pitch": {
						"min": 1.0, "max": 1.3,
						"distance": [
							0, 1,
							2000, 0.9,
							4000, 0.75
						]
					}
				},
				{
					"variations": [ "cannon_d_0", "cannon_d_1", "cannon_d_2", "cannon_d_3" ],
					"volume": {
						"value": 0.5,
						"distance": [
							0, 0,
							750, 0,
							2000, 0.1,
							3000, 0.5,
							4000, 0.75,
							5000, 0.1
						],
					},
					"pitch": {
						"min": 1.1, "max": 1.3,
						"distance": [
							0, 1,
							2000, 1,
							5000, 0.85
						]
					}
				}	
			]
		}
	}
]