[
    {
        "name": "FLIPPED_RIFLE",
        "flippedFrom": "RIFLE"
    },
    {
        "name": "RIFLE",
		"variants": ["DECK_RIFLE"],
        "categories": ["BASIC", "WEAPONS"],
        "required": "RIFLES",
        "isWeapon": true,
        "isGun": true,
        "w": 1,
        "h": 1,
        "appearance": {
            "src": "spritesheet",
            "x": 19,
            "y": 0
        },
        "hp": 40,
        "fireHP": 18,
        "moveDelay": 800,
        "weight": 8,
        "cost": 20,
        "crew": 1,
        "recommendedCrew": 1,
        "frontOnly": false,
        "reload": 1300,
        "clip": { "base": 16, "LIGHTWEIGHT_ROUNDS": 24 },
        "inaccuracy": { "base": 0.0012, "LIGHTWEIGHT_ROUNDS": 0.0008 },
        "fixedInaccuracyVsTroops": { "base": 14, "LIGHTWEIGHT_ROUNDS": 9 },
        "blastDmg": 0,
        "penDmg": { "base": 5, "ARMOUR_PIERCING_ROUNDS": 8 },
        "shootTroopsRange": 400,
        "fireArc": { "direction": "forwards", "degrees": 240 },
        "muzzleCenterX": 0.68,
        "muzzleCenterY": 0.56,
        "muzzleLength": 1,
        "fireSound": {
            "base": {
                "layers": [
                    {
                        "variations": [ "rifle0" ],
                        "volume": 0.8,
                        "pitch": {
                            "min": 0.9,
                            "max": 1.1,
                            "distance": [
                                0, 1.2,
                                3000, 0.5
                            ]
                        }
                    }
                ]
            },
            "LIGHTWEIGHT_ROUNDS": {
                "layers": [
                    {
                        "variations": [ "rifle0" ],
                        "volume": 0.7,
                        "pitch": {
                            "min": 1.3,
                            "max": 1.4,
                            "distance": [
                                0, 1.2,
                                3000, 0.5
                            ]
                        }
                    }
                ]
            },
            "ARMOUR_PIERCING_ROUNDS": {
                "layers": [
                    {
                        "variations": [ "rifle0" ],
                        "volume": 0.9,
                        "pitch": {
                            "min": 0.7,
                            "max": 0.8,
                            "distance": [
                                0, 1.2,
                                3000, 0.5
                            ]
                        }
                    }
                ]
            },
        },
        "optimumRange": 800,
        "jitterMerge": 0.4,
        "weaponAppearance": {
            "shot": { "src": "spritesheet", "x": 48, "y": 304, "w": 1, "h": 1 },
            "barrel": { "src": "spritesheet", "x": 321, "y": 112, "w": 23, "h": 6 },
            "externalBarrel": { "src": "spritesheet", "x": 321, "y": 112, "w": 23, "h": 6 },

            "barrelX": 0,
            "barrelY": 6,
            "recoil": 2
        }
    },
	{
        "name": "FLIPPED_DECK_RIFLE",
        "flippedFrom": "DECK_RIFLE"
    },
    {
        "name": "DECK_RIFLE",
        "categories": ["BASIC", "WEAPONS"],
        "required": "RIFLES",
        "isWeapon": true,
        "isGun": true,
        "w": 1,
        "h": 1,
        "appearance": {
            "src": "balancetest_R2",
            "x": 4,
            "y": 4
        },
		"mask": {
            "x": 3,
            "y": 4
        },
        "hp": 40,
        "fireHP": 18,
        "moveDelay": 800,
        "weight": 8,
        "cost": 20,
        "crew": 1,
        "recommendedCrew": 1,
		"frontOnly": false,
        "reload": 1300,
        "clip": { "base": 16, "LIGHTWEIGHT_ROUNDS": 24 },
        "inaccuracy": { "base": 0.0012, "LIGHTWEIGHT_ROUNDS": 0.0008 },
        "fixedInaccuracyVsTroops": { "base": 14, "LIGHTWEIGHT_ROUNDS": 9 },
        "blastDmg": 0,
        "penDmg": { "base": 5, "ARMOUR_PIERCING_ROUNDS": 8 },
        "shootTroopsRange": 400,
        "fireArc": { "direction": "forwards", "degrees": 240 },
        "muzzleCenterX": 0.68,
        "muzzleCenterY": 0.56,
        "muzzleLength": 1,
        "fireSound": {
            "base": {
                "layers": [
                    {
                        "variations": [ "rifle0" ],
                        "volume": 0.8,
                        "pitch": {
                            "min": 0.9,
                            "max": 1.1,
                            "distance": [
                                0, 1.2,
                                3000, 0.5
                            ]
                        }
                    }
                ]
            },
            "LIGHTWEIGHT_ROUNDS": {
                "layers": [
                    {
                        "variations": [ "rifle0" ],
                        "volume": 0.7,
                        "pitch": {
                            "min": 1.3,
                            "max": 1.4,
                            "distance": [
                                0, 1.2,
                                3000, 0.5
                            ]
                        }
                    }
                ]
            },
            "ARMOUR_PIERCING_ROUNDS": {
                "layers": [
                    {
                        "variations": [ "rifle0" ],
                        "volume": 0.9,
                        "pitch": {
                            "min": 0.7,
                            "max": 0.8,
                            "distance": [
                                0, 1.2,
                                3000, 0.5
                            ]
                        }
                    }
                ]
            }
        },
        "optimumRange": 800,
        "jitterMerge": 0.4,
        "weaponAppearance": {
            "shot": { "src": "spritesheet", "x": 48, "y": 304, "w": 1, "h": 1 },
            "barrel": { "src": "spritesheet", "x": 321, "y": 112, "w": 23, "h": 6 },
            "barrelX": 0,
            "barrelY": 6,
            "recoil": 2
        }
    }
]
