[
	{
		"name": "FLIPPED_SPONSON_GATLING_GUN",
		"flippedFrom": "SPONSON_GATLING_GUN"
	},
	{
		"name": "SPONSON_GATLING_GUN",
		"categories": ["WEAPONS"], "sort": 5,
		"required": "GATLING_GUNS",
		"isWeapon": true, "isGun": true,
		"w": 3, "h": 1,
		"appearance": { "src": "balancetest_R2", "x": 3, "y": 9, "w": 3 },
		"mask": { "x": 0, "y": 9 },
		"externalAppearances": [
            {
                "x": 0,
                "y": 0,
                "appearance": {
                    "src": "balancetest_R2",
                    "x": 0,
                    "y": 10,
                    "w": 3,
                    "h": 1
                }
            }
        ],
		"drawExternalsBelowDecals": true,
		"moveDelay": 800,
		"hp": 40,
		"fireHP": 18,
		"weight": 22,
		"cost": 90,
		"crew": 2, "recommendedCrew": 3,
		"penDmg": { "base": 6, "ARMOUR_PIERCING_ROUNDS": 9 },
		"reload": 125, "clipReloadTime": 2500,
		"clip": { "base": 36, "LIGHTWEIGHT_ROUNDS": 54 },
		"inaccuracy": { "base": 0.006, "LIGHTWEIGHT_ROUNDS": 0.004 },
		"fixedInaccuracyVsTroops": { "base": 14, "LIGHTWEIGHT_ROUNDS": 9 },
		"jitterMerge": 0.8,
		"optimumRange": 100, "shootTroopsRange": 400, "maxRange": 1000,
		"obeysFireMode": false,
		"fireArc": { "direction": "forwards", "degrees": 100 },
		"muzzleCenterX": 2.1875,
		"muzzleCenterY": 0.5,
		"muzzleLength": 0.8,
		"weaponAppearance": {
			"base": {
				"back": { "src": "modules", "x": 42, "y": 18 },
				"shot": { "src": "modules", "x": 144, "y": 456, "w": 2, "h": 1 },
				"barrelAnimation": {
					"interval": 62.5, "msPerShot": 125,
					"loop": true, "finishLoopCycle": false,
					"frames": [
						{ "src": "modules", "x": 363, "y": 560, "w": 21, "h": 15 },
						{ "src": "modules", "x": 363, "y": 575, "w": 21, "h": 15 },
						{ "src": "modules", "x": 363, "y": 590, "w": 21, "h": 15 },
						{ "src": "modules", "x": 363, "y": 605, "w": 21, "h": 15 },
						{ "src": "modules", "x": 363, "y": 620, "w": 21, "h": 15 },
						{ "src": "modules", "x": 363, "y": 635, "w": 21, "h": 15 },
						{ "src": "modules", "x": 363, "y": 650, "w": 21, "h": 15 },
						{ "src": "modules", "x": 363, "y": 665, "w": 21, "h": 15 }
					]
				},
				"externalBarrel": { "src": "balancetest_R2", "x": 3, "y": 171, "w": 20, "h": 15 },
				"barrelX": 25, "barrelY": 0.5,
				"recoil": 2
			},
			"HEAVY_TURRETS": {
				"back": { "src": "modules", "x": 42, "y": 18 },
				"shot": { "src": "modules", "x": 144, "y": 456, "w": 2, "h": 1 },
				"barrelAnimation": {
					"interval": 15, "msPerShot": 120,
					"loop": false, "finishLoopCycle": true,
					"frames": [
						{ "src": "modules", "x": 340, "y": 560, "w": 23, "h": 15 },
						{ "src": "modules", "x": 340, "y": 575, "w": 23, "h": 15 },
						{ "src": "modules", "x": 340, "y": 590, "w": 23, "h": 15 },
						{ "src": "modules", "x": 340, "y": 605, "w": 23, "h": 15 },
						{ "src": "modules", "x": 340, "y": 620, "w": 23, "h": 15 },
						{ "src": "modules", "x": 340, "y": 635, "w": 23, "h": 15 },
						{ "src": "modules", "x": 340, "y": 650, "w": 23, "h": 15 },
						{ "src": "modules", "x": 340, "y": 665, "w": 23, "h": 15 }
					]
				},
				"externalBarrel": { "src": "balancetest_R2", "x": 24, "y": 171, "w": 20, "h": 15 },
				"barrelX": 25, "barrelY": 0.5,
				"recoil": 2
			}
		},
		"fireSound": {
			"base": { "layers": [ {
				"variations": [ "gatling0", "gatling1", "gatling2", "gatling3", "gatling4", "gatling5", "gatling6", "gatling7", "gatling8" ],
				"volume": 1.5,
				"pitch": {
					"min": 0.9, "max": 1.1,
					"distance": [
						0, 1.2,
						3000, 0.7
					]
				}
			} ] },
			"LIGHTWEIGHT_ROUNDS": { "layers": [ {
				"variations": [ "gatling0", "gatling1", "gatling2", "gatling3", "gatling4", "gatling5", "gatling6", "gatling7", "gatling8" ],
				"volume": 1.3,
				"pitch": {
					"min": 1.3, "max": 1.4,
					"distance": [
						0, 1.2,
						3000, 0.7
					]
				}
			} ] },
			"ARMOUR_PIERCING_ROUNDS": { "layers": [ {
				"variations": [ "gatling0", "gatling1", "gatling2", "gatling3", "gatling4", "gatling5", "gatling6", "gatling7", "gatling8" ],
				"volume": 1.6,
				"pitch": {
					"min": 0.7, "max": 0.8,
					"distance": [
						0, 1.2,
						3000, 0.7
					]
				}
			} ] }
		}
	}
]