[
    {
        "name": "BRICK_WALL",
        "sort": 70,
        "placeSound": "place_stone",
        "placePitch": 1.3,
        "cost": {
            "base": 0
        },
        "hp": {
            "base": 40
        },
        "weight": {
            "base": 45
        },
        "blastDmgAbsorb": {
            "base": 6
        },
        "penDmgAbsorb": {
            "base": 0
        },
        "windowApp": {
            "src": "spritesheet",
            "x": 6,
            "y": 13
        },
        "damagedApps": [
            {
                "src": "spritesheet",
                "x": 3,
                "y": 1
            },
            {
                "src": "spritesheet",
                "x": 6,
                "y": 20
            },
            {
                "src": "spritesheet",
                "x": 6,
                "y": 21
            },
            {
                "src": "spritesheet",
                "x": 6,
                "y": 22
            },
            {
                "src": "spritesheet",
                "x": 6,
                "y": 23
            }
        ],
        "smallHitSound": {
            "layers": [
                {
                    "variations": [ "hit_stone_1", "hit_stone_2", "hit_stone_3", "hit_stone_4" ],
                    "volume": {
                        "min": 0.3,
                        "max": 0.4
                    },
                    "pitch": {
                        "min": 1.05,
                        "max": 1.15
                    }
                }
            ]
        },
        "largeHitSound": {
            "layers": [
                {
                    "variations": [ "hit_stone_1", "hit_stone_2", "hit_stone_3", "hit_stone_4" ],
                    "volume": {
                        "min": 0.7,
                        "max": 1.0
                    },
                    "pitch": {
                        "min": 0.95,
                        "max": 1.05
                    }
                }
            ]
        },
        "brokenSound": {
            "layers": [
                {
                    "variations": [ "hit_stone_1", "hit_stone_2", "hit_stone_3", "hit_stone_4" ],
                    "volume": {
                        "min": 1.5,
                        "max": 2.4
                    },
                    "pitch": {
                        "min": 0.9,
                        "max": 0.95
                    }
                }
            ]
        }
    },
	{
        "name": "LT_STEEL_HIDDEN",
        "sort": 0,
        "hidden": true,
        "cost": {
            "base": 0
        },
        "hp": {
            "base": 36
        },
        "weight": {
            "base": 0
        },
        "blastDmgAbsorb": {
            "base": 5
        },
        "penDmgAbsorb": {
            "base": 3
        },
        "damagedApps": [],
        "smallHitSound": {
            "layers": [
                {
                    "variations": [ "hit_metal_hollow_1", "hit_metal_hollow_2", "hit_metal_hollow_3", "hit_metal_hollow_4" ],
                    "volume": {
                        "min": 0.3,
                        "max": 0.4
                    },
                    "pitch": {
                        "min": 1.05,
                        "max": 1.15
                    }
                }
            ]
        },
        "largeHitSound": {
            "layers": [
                {
                    "variations": [ "hit_metal_hollow_1", "hit_metal_hollow_2", "hit_metal_hollow_3", "hit_metal_hollow_4" ],
                    "volume": {
                        "min": 0.7,
                        "max": 1.0
                    },
                    "pitch": {
                        "min": 0.95,
                        "max": 1.05
                    }
                }
            ]
        },
        "brokenSound": {
            "layers": [
                {
                    "variations": [ "hit_metal_hollow_1", "hit_metal_hollow_2", "hit_metal_hollow_3", "hit_metal_hollow_4" ],
                    "volume": {
                        "min": 1.5,
                        "max": 2.4
                    },
                    "pitch": {
                        "min": 0.9,
                        "max": 0.95
                    }
                }
            ]
        }
    },
    {
        "name": "STONE_WALL",
        "sort": 80,
        "placeSound": "place_stone",
        "placePitch": 1.0,
        "cost": {
            "base": 4,
            "CHEAP_STONE": 2
        },
        "hp": {
            "base": 80
        },
        "weight": {
            "base": 100
        },
        "blastDmgAbsorb": {
            "base": 4
        },
        "penDmgAbsorb": {
            "base": 3
        },
        "windowApp": {
            "src": "spritesheet",
            "x": 7,
            "y": 13
        },
        "damagedApps": [
            {
                "src": "spritesheet",
                "x": 4,
                "y": 1
            },
            {
                "src": "spritesheet",
                "x": 7,
                "y": 20
            },
            {
                "src": "spritesheet",
                "x": 7,
                "y": 21
            },
            {
                "src": "spritesheet",
                "x": 7,
                "y": 22
            },
            {
                "src": "spritesheet",
                "x": 7,
                "y": 23
            }
        ],
        "smallHitSound": {
            "layers": [
                {
                    "variations": [ "hit_stone_1", "hit_stone_2", "hit_stone_3", "hit_stone_4" ],
                    "volume": {
                        "min": 0.3,
                        "max": 0.4
                    },
                    "pitch": {
                        "min": 1.05,
                        "max": 1.15
                    }
                }
            ]
        },
        "largeHitSound": {
            "layers": [
                {
                    "variations": [ "hit_stone_1", "hit_stone_2", "hit_stone_3", "hit_stone_4" ],
                    "volume": {
                        "min": 0.7,
                        "max": 1.0
                    },
                    "pitch": {
                        "min": 0.95,
                        "max": 1.05
                    }
                }
            ]
        },
        "brokenSound": {
            "layers": [
                {
                    "variations": [ "hit_stone_1", "hit_stone_2", "hit_stone_3", "hit_stone_4" ],
                    "volume": {
                        "min": 1.5,
                        "max": 2.4
                    },
                    "pitch": {
                        "min": 0.9,
                        "max": 0.95
                    }
                }
            ]
        }
    }
]
