[
    {
        "name": "FLIPPED_GRENADES",
        "flippedFrom": "GRENADES"
    },
    {
        "name": "GRENADES",
        "categories": ["BASIC", "WEAPONS"],
        "isWeapon": true,
        "w": 1,
        "h": 1,
        "appearance": {
            "src": "spritesheet",
            "x": 24,
            "y": 0
        },
        "hp": 32,
        "fireHP": 32,
        "moveDelay": 800,
        "weight": 12,
        "cost": 10,
        "crew": 1,
        "recommendedCrew": 2,
        "windows": [
            { "x": 0, "y": 0 }
        ],
        "frontOnly": true,
        "isExplosive": true,
        "maxXRange": { "base": 170, "GRENADIER_CONDITIONING": 255 },
        "maxUpRange": { "base": 30, "GRENADIER_CONDITIONING": 45 },
        "shotSpeed": { "base": 0.2, "GRENADIER_CONDITIONING": 0.25 },
        "reload": 2000,
        "clip": 6,
        "inaccuracy": { "base": 0.005, "GRENADIER_CONDITIONING": 0.0033 },
        "blastDmg": { "base": 30, "multipliers": {"POWERFUL_EXPLOSIVES": 1.3 } },
        "blastSplashRadius": 24,
        "penDmg": 0,
        "fireArc": { "direction": "forwards", "degrees": 240 },
        "muzzleCenterX": 0.8,
        "muzzleCenterY": 0.4,
        "muzzleLength": 0,
        "muzzleFlash": false,
        "hitSound": {
            "layers": [
                {
                    "variations": ["smexplosion"],
                    "volume": 1.4,
                    "pitch": {
                        "min": 0.9,
                        "max": 1.1
                    }
                }
            ]
        },
        "optimumRange": 80,
        "explodeHP": 15,
        "explodeDmg": 30,
        "weaponAppearance": {
            "shot": { "src": "spritesheet", "x": 64, "y": 304, "w": 2, "h": 2 },
            "shotEmitter": { "type": "trailing_smoke", "emitProbability": 0.004 },
            "hitExplosionSize": 0.45,
            "missExplosionSize": 0.3,
            "exhaust": {
                "type": "grenade_spark",
                "p": 0.01,
                "backOffset": 1,
                "angleRange": 3,
                "randomOffset": 1,
                "speedMin": 0.5,
                "speedMax": 1
            }
        }
    }
]
