[
	{
		"name": "BOTTOM_TURRET",
		"patch": true,
		"penDmg": 65,
		"reload": { "base": 4180, "FASTER_CANNON_RELOAD": 3520 },
		"shotSpeed": { "base": 1, "INCREASED_CANNON_DAMAGE": 1.2 },
		"inaccuracy": { "base": 0.0016, "PRECISE_GUNNERY": 0.0008 }
	},
	{
		"name": "DOMED_BOTTOM_TURRET",
		"patch": true,
		"penDmg": 65,
		"reload": { "base": 4180, "FASTER_CANNON_RELOAD": 3520 },
		"shotSpeed": { "base": 1, "INCREASED_CANNON_DAMAGE": 1.2 },
		"inaccuracy": { "base": 0.0016, "PRECISE_GUNNERY": 0.0008 }
	},
	{
		"name": "BOXY_BOTTOM_TURRET",
		"patch": true,
		"penDmg": 65,
		"reload": { "base": 4180, "FASTER_CANNON_RELOAD": 3520 },
		"shotSpeed": { "base": 1, "INCREASED_CANNON_DAMAGE": 1.2 },
		"inaccuracy": { "base": 0.0016, "PRECISE_GUNNERY": 0.0008 }
	}
]