[
	{
		"name": "SMALL_BOW",
		"patch": true,
		"verticallyFlippedVersion": "INVERTED_SMALL_BOW",
		"variants": [ "MEDIUM_BOW", "LARGE_BOW" ], "variantType": "SIZES",
		"categories": ["SOLID_SHAPES"], "sort": 200,
		"availableFor": ["AIRSHIP", "LANDSHIP"],
		"w": 2, "h": 1,
		"appearance": { "src": "modules", "x": 8, "y": 7, "w": 2 },
		"mask": { "x": 8, "y": 7 },
		"canOccupy": [], "moveDelay": 10000,
		"hp": 75,
		"fireHP": 0,
		"weight": 35,
		"cost": 40,
		"shipHPBonus": 100,
		"hardness": 1.05,
		"hitParticle": "splinter",
		"destructionParticle": "splinter", "destructionParticleDensity": 5,
		"fragmentsSpeedMult": 0.5, "fragmentsFireMult": 0.5
	},
	{
		"name": "INVERTED_SMALL_BOW",
        "deriveFrom": "SMALL_BOW",
		"variants": [ "INVERTED_MEDIUM_BOW", "INVERTED_LARGE_BOW" ], "variantType": "SIZES",
		"appearance": { "src": "modules", "x": 8, "y": 8, "w": 2 },
		"mask": { "x": 8, "y": 8 },
	},
	{
		"name": "FLIPPED_MEDIUM_BOW",
		"flippedFrom": "MEDIUM_BOW"
	},
	{
		"name": "MEDIUM_BOW",
		"verticallyFlippedVersion": "INVERTED_MEDIUM_BOW",
		"categories": ["SOLID_SHAPES"],
		"availableFor": ["AIRSHIP", "LANDSHIP"],
		"w": 3, "h": 2,
		"appearance": { "src": "modules", "x": 12, "y": 9, "w": 3, "h": 2 },
		"mask": { "x": 12, "y": 9 },
		"canOccupy": [], "moveDelay": 10000,
		"hp": 200,
		"fireHP": 0,
		"weight": 80,
		"cost": 90,
		"shipHPBonus": 250,
		"hardness": 1.05,
		"hitParticle": "splinter",
		"destructionParticle": "splinter", "destructionParticleDensity": 5,
		"fragmentsSpeedMult": 0.5, "fragmentsFireMult": 0.5
	},
	{
		"name": "FLIPPED_INVERTED_MEDIUM_BOW",
		"flippedFrom": "INVERTED_MEDIUM_BOW"
	},
	{
		"name": "INVERTED_MEDIUM_BOW",
		"categories": ["SOLID_SHAPES"],
		"availableFor": ["AIRSHIP", "LANDSHIP"],
		"w": 3, "h": 2,
		"appearance": { "src": "modules", "x": 12, "y": 11, "w": 3, "h": 2 },
		"mask": { "x": 12, "y": 11 },
		"canOccupy": [], "moveDelay": 10000,
		"hp": 200,
		"fireHP": 0,
		"weight": 80,
		"cost": 90,
		"shipHPBonus": 250,
		"hardness": 1.05,
		"hitParticle": "splinter",
		"destructionParticle": "splinter", "destructionParticleDensity": 5,
		"fragmentsSpeedMult": 0.5, "fragmentsFireMult": 0.5
	},
	{
		"name": "FLIPPED_LARGE_BOW",
		"flippedFrom": "LARGE_BOW"
	},
	{
		"name": "LARGE_BOW",
		"verticallyFlippedVersion": "INVERTED_LARGE_BOW",
		"categories": ["SOLID_SHAPES"],
		"availableFor": ["AIRSHIP", "LANDSHIP"],
		"w": 6, "h": 3,
		"appearance": { "src": "modules", "x": 10, "y": 28, "w": 6, "h": 3 },
		"mask": { "x": 10, "y": 28 },
		"canOccupy": [], "moveDelay": 10000,
		"hp": 500,
		"fireHP": 0,
		"weight": 180,
		"cost": 200,
		"shipHPBonus": 600,
		"hardness": 1.05,
		"hitParticle": "splinter",
		"destructionParticle": "splinter", "destructionParticleDensity": 5,
		"fragmentsSpeedMult": 0.5, "fragmentsFireMult": 0.5
	},
	{
		"name": "FLIPPED_INVERTED_LARGE_BOW",
		"flippedFrom": "INVERTED_LARGE_BOW"
	},
	{
		"name": "INVERTED_LARGE_BOW",
		"categories": ["SOLID_SHAPES"],
		"availableFor": ["AIRSHIP", "LANDSHIP"],
		"w": 6, "h": 3,
		"appearance": { "src": "modules", "x": 10, "y": 31, "w": 6, "h": 3 },
		"mask": { "x": 10, "y": 31 },
		"canOccupy": [], "moveDelay": 10000,
		"hp": 500,
		"fireHP": 0,
		"weight": 180,
		"cost": 200,
		"shipHPBonus": 600,
		"hardness": 1.05,
		"hitParticle": "splinter",
		"destructionParticle": "splinter", "destructionParticleDensity": 5,
		"fragmentsSpeedMult": 0.5, "fragmentsFireMult": 0.5
	}
]