[
	{
		"name": "COW_CATCHER_RAM",
		"verticallyFlippedVersion": "DOWN_COW_CATCHER_RAM",
		"categories": ["WEAPONS"], "sort": 101,
		"availableFor": ["AIRSHIP", "LANDSHIP"],
		"external": true, "isRam": true,
		"w": 3, "h": 1,
		"appearance": { "src": "modules", "x": 12, "y": 30, "w": 3 },
		"mask": { "x": 37, "y": 37 },
		"externalAppearances": [ {
			"x": 0, "y": 0,
			"appearance": { "src": "modules", "x": 37, "y": 37, "w": 3 }
		} ],
		"drawExternalsBelowDecals": true,
		"drawAppearanceInside": false,
		"externalSubColor": { "r": 200, "g": 184, "b": 79 },
		"externalSubBaseColor": { "r": 88, "g": 92, "b": 96 },
		"frontOnly": true,
		"canOccupy": [], "moveDelay": 10000,
		"hp": 4000,
		"fireHP": 0,
		"weight": 200,
		"cost": 80,
		"hardness": 1.35,
		"hitParticle": "damaged_spark",
		"fragmentsSpeedMult": 0.5, "fragmentsFireMult": 0.5
	},
	{
		"name": "DOWN_COW_CATCHER_RAM",
		"categories": ["WEAPONS"],
		"availableFor": ["AIRSHIP", "LANDSHIP"],
		"external": true, "isRam": true,
		"w": 3, "h": 1,
		"appearance": { "src": "modules", "x": 12, "y": 30, "w": 3 },
		"mask": { "x": 37, "y": 38 },
		"externalAppearances": [ {
			"x": 0, "y": 0,
			"appearance": { "src": "modules", "x": 37, "y": 38, "w": 3 }
		} ],
		"drawExternalsBelowDecals": true,
		"drawAppearanceInside": false,
		"externalSubColor": { "r": 200, "g": 184, "b": 79 },
		"externalSubBaseColor": { "r": 88, "g": 92, "b": 96 },
		"frontOnly": true,
		"canOccupy": [], "moveDelay": 10000,
		"hp": 4000,
		"fireHP": 0,
		"weight": 200,
		"cost": 80,
		"hardness": 1.35,
		"hitParticle": "damaged_spark",
		"fragmentsSpeedMult": 0.5, "fragmentsFireMult": 0.5
	}
]