[
	{
		"name": "CULTIST_PINNACLE",
		"categories": [],
		"w": 3, "h": 1,
		"external": true,
		"appearance": { "src": "modules", "x": 13, "y": 29, "w": 3 },
		"mask": { "x": 29, "y": 50 },
		"externalAppearances": [ {
			"x": 0, "y": -2,
			"appearance": { "src": "modules", "x": 29, "y": 48, "w": 3, "h": 3 }
		} ],
		"drawExternalsBelowDecals": true,
		"drawAppearanceInside": false,
		"producesHorizontalDrag": false,
		"externalSubColor": { "r": 245, "g": 228, "b": 116 },
		"externalSubBaseColor": { "r": 88, "g": 92, "b": 96 },
		"topOnly": true,
		"canOccupy": [], "moveDelay": 10000,
		"hp": 240,
		"fireHP": 50,
		"weight": 100,
		"cost": 40,
        "shipHPBonus": 320,
        "hitParticle": "damaged_spark",
		"fragmentsSpeedMult": 0.5, "fragmentsFireMult": 0.5
	},
	{
		"name": "CULTIST_PINNACLE_NEW",
		"categories": ["DECORATIVE"], "sort": -1,
        "required": "WORM_EYE_CULT",
		"w": 3, "h": 3,
		"external": true,
		"appearance": { "src": "modules", "x": 13, "y": 29, "w": 3, "h": 3 },
		"mask": { "x": 29, "y": 48 },
		"externalAppearances": [ {
			"x": 0, "y": 0,
			"appearance": { "src": "modules", "x": 29, "y": 48, "w": 3, "h": 3 }
		} ],
		"drawExternalsBelowDecals": true,
		"drawAppearanceInside": false,
		"producesHorizontalDrag": false,
		"externalSubColor": { "r": 245, "g": 228, "b": 116 },
		"externalSubBaseColor": { "r": 88, "g": 92, "b": 96 },
		"topOnly": true,
		"canOccupy": [], "moveDelay": 10000,
		"hp": 240,
		"fireHP": 50,
		"weight": 100,
		"cost": 40,
        "shipHPBonus": 320,
        "hitParticle": "damaged_spark",
		"fragmentsSpeedMult": 0.5, "fragmentsFireMult": 0.5
	}
]
