[
	{
		"name": "FRONT_TURRET",
		"patch": true,
		"penDmg": 65,
		"reload": { "base": 3800, "FASTER_CANNON_RELOAD": 3200 },
		"shotSpeed": { "base": 1, "INCREASED_CANNON_DAMAGE": 1.2 },
		"inaccuracy": { "base": 0.0018, "PRECISE_GUNNERY": 0.0009 }
	},
	{
		"name": "DOMED_FRONT_TURRET",
		"patch": true,
		"penDmg": 65,
		"reload": { "base": 3800, "FASTER_CANNON_RELOAD": 3200 },
		"shotSpeed": { "base": 1, "INCREASED_CANNON_DAMAGE": 1.2 },
		"inaccuracy": { "base": 0.0018, "PRECISE_GUNNERY": 0.0009 }
	},
	{
		"name": "BOXY_FRONT_TURRET",
		"patch": true,
		"penDmg": 65,
		"reload": { "base": 3800, "FASTER_CANNON_RELOAD": 3200 },
		"shotSpeed": { "base": 1, "INCREASED_CANNON_DAMAGE": 1.2 },
		"inaccuracy": { "base": 0.0018, "PRECISE_GUNNERY": 0.0009 }
	}
]