[
    {
        "name": "GUIDED_MISSILE",
        "categories": ["WEAPONS"],
        "required": "GUIDANCE_SYSTEMS",
        "isWeapon": true,
        "w": 3,
        "h": 4,
        "appearance": {
            "src": "spritesheet",
            "x": 48,
            "y": 59,
            "w": 3,
            "h": 4
        },
        "externalAppearances": [ {
			"x": 0, "y": -1,
			"appearance": { "src": "spritesheet", "x": 51, "y": 60, "w": 3, "h": 1 }
		} ],
        "hp": 640,
        "fireHP": 400,
        "moveDelay": 800,
        "weight": 500,
        "cost": { "base": 1200, "CONQUEST": 600 },
        "crew": 4,
        "recommendedCrew": 4,
        "topOnly": true,
        "shotSpeed": 0.12,
        "jitterMerge": 0,
        "reload": 25000,
        "clip": 1,
        "ammoPerClip": 8,
        "inaccuracy": 0.0002,
		"impactForce": 5,
        "blastDmg": {
            "base": 105,
            "multipliers": {
				"POWERFUL_EXPLOSIVES": 1.3
			}
        },
        "blastSplashRadius": 90,
        "penDmg": 0,
        "fireArc": { "direction": "up", "degrees": 360 },
        "muzzleCenterX": 1.5,
        "muzzleCenterY": 1.5,
        "muzzleLength": 0,
        "muzzleFlash": false,
        "optimumRange": 3000,
        "minXRange": 1500,
        "explodeHP": 200,
        "explodeDmg": 250,
        "obeysFireMode": false,
        "hitSound": {
            "layers": [
                {
                    "variations": ["explosion_2"],
                    "volume": 3.0,
                    "pitch": {
                        "min": 0.9,
                        "max": 1.1
                    }
                }
            ]
        },
        "fireSound": {
            "layers": [
                {
                    "variations": [ "hellfire" ],
                    "volume": 2.0,
                    "pitch": {
                        "min": 0.6,
                        "max": 0.7
                    }
                }
            ]
        },
        "weaponAppearance": {
            "barrelLoadStages": [
                { "src": "spritesheet", "x": 900, "y": 1000, "w": 1, "h": 1 },
                { "src": "spritesheet", "x": 929, "y": 1002, "w": 64, "h": 11 },
                { "src": "spritesheet", "x": 929, "y": 1012, "w": 64, "h": 11 },
                { "src": "spritesheet", "x": 864, "y": 951, "w": 64, "h": 11 },
                { "src": "spritesheet", "x": 864, "y": 961, "w": 64, "h": 11 },
                { "src": "spritesheet", "x": 864, "y": 971, "w": 64, "h": 11 },
                { "src": "spritesheet", "x": 864, "y": 981, "w": 64, "h": 11 },
                { "src": "spritesheet", "x": 864, "y": 991, "w": 64, "h": 11 }
            ],
            "shotAnimationInterval": 90,
            "shotFrames": [
                { "src": "spritesheet", "x": 864, "y": 1002, "w": 64, "h": 21 },
            ],
            "hitExplosionSize": 6,
            "missExplosionSize": 6,
            "fireVibrate": 8,
            "fireVibrateDecay": 0.95,
            "barrel": { "src": "spritesheet", "x": 864, "y": 1002, "w": 64, "h": 21 },
            "barrelX": -8,
            "barrelY": 17,
            "shells": [
                {
                    "img": { "src": "spritesheet", "x": 816, "y": 976, "w": 16, "h": 16 },
                    "internalImg": { "src": "spritesheet", "x": 832, "y": 976, "w": 16, "h": 16 },
                    "pivotX": 0,
                    "pivotY": 16,
                    "x": 8,
                    "y": -16,
                    "openAngle": -1,
                    "startOpenTimeBeforeFiring": 2500,
                    "endOpenTimeBeforeFiring": 500,
                    "startCloseTimeAfterFiring": 1000,
                    "endCloseTimeAfterFiring": 3000,
                    "openSound": {
                        "layers": [
                            {
                                "variations": [ "missileHatch" ],
                                "volume": { "min": 0.3, "max": 0.35 },
                                "pitch": { "min": 0.9, "max": 1.1 }
                            }
                        ]
                    }
                },
                {
                    "img": { "src": "spritesheet", "x": 816, "y": 976, "w": 16, "h": 16, "flipped": true },
                    "internalImg": { "src": "spritesheet", "x": 832, "y": 976, "w": 16, "h": 16, "flipped": true },
                    "pivotX": 16,
                    "pivotY": 16,
                    "x": 24,
                    "y": -16,
                    "openAngle": 1,
                    "startOpenTimeBeforeFiring": 2500,
                    "endOpenTimeBeforeFiring": 500,
                    "startCloseTimeAfterFiring": 1000,
                    "endCloseTimeAfterFiring": 3000,
                }
            ],
            "exhaust": {
                "type": "rocket_exhaust",
                "p": 0.6,
                "backOffset": 37,
                "angleRange": 0.3,
                "randomOffset": 8,
                "speedMin": 1.5,
                "speedMax": 2.5
            }
        },
        "guidanceSystem": {
            "launchAngle": 4.71238898038,
            "launchSpeed": 0.1,
            "launchLength": 400,
            "acceleration": 0.0018,
            "topSpeed": 0.5,
            "turnSpeed": 0.002,
            "proximityFuseDistance": 32,
            "missileLockTime": 2000,
            "missileLockLossAngle": 0.9
        }
    }
]
