[
    {
        "name": "FLIPPED_HV_TUSHKA",
        "flippedFrom": "HV_TUSHKA"
    },
    {
        "name": "HV_TUSHKA",
        "categories": ["WEAPONS"],
        "required": "HEAVY_TUSHKA",
        "variants": ["HV_TUSHKA_WD"],
        "isWeapon": true,
        "w": 4,
        "h": 2,
        "appearance": {
            "base": {"src": "hvsponson_sprt", "x": 4, "y": 0, "w": 4, "h": 2},
            "cases": [
              {"bonuses": ["INCREASED_CANNON_DAMAGE"], "value": {"src": "hvsponson_sprt", "x": 0, "y": 0, "w": 4, "h": 2}}
            ]
        },
        "hp": 240,
        "fireHP": 200,
        "moveDelay": 800,
        "weight": 190,
        "cost": 320,
        "crew": 3,
        "recommendedCrew": 4,
        "recommendedGuards": 1,
        "frontOnly": true,
        "isGun": true,
        "isCannon": true,
        "reload": { "base": 5000, "FASTER_CANNON_RELOAD": 4000 },
        "clip": 1,
        "inaccuracy": { "base": 0.0018, "PRECISE_GUNNERY": 0.0009 },
        "blastDmg": {
            "base": 55,
            "multipliers": {
				"POWERFUL_EXPLOSIVES": 1.3
			}
        },
        "blastSplashRadius": 40,
        "penDmg": { "base": 32, "INCREASED_CANNON_DAMAGE": 40 },
        "recoilForce": 8.0, 
        "fireArc": { "direction": "forwards", "degrees": 50 },
        "muzzleCenterX": {"base": 3, "INCREASED_CANNON_DAMAGE": 2.9375},
        "muzzleCenterY": {"base": 1, "INCREASED_CANNON_DAMAGE": 0.875},
        "muzzleLength": 4.5,
        "optimumRange": 500,
        "fireSound": {
            "layers": [
                {
                    "variations": [ "cannon0", "cannon1", "cannon2", "cannon3", "cannon4", "cannon5", "cannon6" ],
                    "volume": {
                        "min": 2,
                        "max": 2,
						"distance": [
                            0, 1,
							750, 0.75,
							2000, 0.3,
							3000, 0.2,
							4000, 0.1,
							5000, 0
                        ]
                    },
                    "pitch": {
                        "min": 1.3,
                        "max": 1.9,
                        "distance": [
                            0, 1,
                            2000, 0.9,
							4000, 0.75
                        ]
                    }
                },
                {
                    "variations": [ "hv_cannon0", "hv_cannon1", "hv_cannon2" ],
                    "volume": {
                        "min": 4,
                        "max": 4,
						"distance": [
                            0, 1,
							1500, 0.75,
							4000, 0.3,
							6000, 0.2,
							8000, 0.1,
							10000, 0
                        ]
                    },
                    "pitch": {
                        "min": 1.3,
                        "max": 1.9,
                        "distance": [
                            0, 1,
                            2000, 0.9,
							4000, 0.75
                        ]
                    }
                },
                {
                    "variations": [ "cannon_d_0", "cannon_d_1", "cannon_d_2", "cannon_d_3" ],
                    "volume": {
                        "min": 1.7,
                        "max": 1.7,
						"distance": [
                            0, 0,
							750, 0,
							2000, 0.1,
							3000, 0.5,
							4000, 0.75,
							5000, 0.1
						]
					},
                    "pitch": {
                        "min": 1.3,
                        "max": 1.9,
                        "distance": [
                            0, 1,
                            2000, 1,
							5000, 0.85
						]
					}
				}
            ]
        },
        "explodeHP": { "base": 80, "SAFER_CANNONS": 0 },
        "explodeDmg": { "base": 70, "SAFER_CANNONS": 0 },
        "weaponAppearance": {
          "base": {
              "back": {"src": "hvsponson_sprt", "x":5, "y":7, "w":1, "h":2},
              "barrel": {"src": "hvsponson_sprt", "x":128, "y":144, "w":73, "h":13},
              "shot": {"src":"hvsponson_sprt", "x":10, "y":199, "w":7, "h":7},
              "barrelX": 11,
              "barrelY": 9,
              "recoil": 0,
              "hitExplosionSize": 2,
              "missExplosionSize": 0,
              "shotEmitter": { "type": "flame", "emitProbability": 0.01 }
            },
          "cases":[
              {"bonuses": ["INCREASED_CANNON_DAMAGE"], "value":
                {
                  "back": {"src": "hvsponson_sprt", "x":6, "y":7, "w":2, "h":2},
                  "barrel": {"src": "hvsponson_sprt", "x":0, "y":158, "w":90, "h":14},
                  "shot": {"src":"hvsponson_sprt", "x":0, "y":197, "w":10, "h":5},
                  "barrelX": 2,
                  "barrelY": 7,
                  "recoil": 10,
                  "hitExplosionSize": 2,
                  "missExplosionSize": 0,
                  "shotEmitter": { "type": "trailing_smoke", "emitProbability": 0.007 }
                }
              }
          ]
        },
        "canOccupy": [
            { "x": 0, "y": 1 },
            { "x": 1, "y": 1 },
            { "x": 2, "y": 1 },
            { "x": 3, "y": 1 },
            { "x": 0, "y": 0 }
        ],
        "upDoors": [ 0 ],
        "leftDoors": [ 0, 1 ]
    },
    
    {
        "name": "FLIPPED_HV_TUSHKA_WD",
        "flippedFrom": "HV_TUSHKA_WD"
    },
    {
        "name": "HV_TUSHKA_WD",
        "categories": ["WEAPONS"],
        "required": "HEAVY_TUSHKA",
        "isWeapon": true,
        "w": 4,
        "h": 2,
        "appearance": {
            "base": {"src": "hvsponson_sprt", "x": 12, "y": 0, "w": 4, "h": 2},
            "cases": [
              {"bonuses": ["INCREASED_CANNON_DAMAGE"], "value": {"src": "hvsponson_sprt", "x": 8, "y": 0, "w": 4, "h": 2}}
            ]
        },
        "mask":
        {"x":8, "y":14},

        "hp": 210,
        "fireHP": 200,
        "moveDelay": 800,
        "weight": 195,
        "cost": 315,
        "crew": 2,
        "recommendedCrew": 3,
        "recommendedGuards": 1,
        "producesHorizontalDrag": false,
        "frontOnly": true,
        "isGun": true,
        "isCannon": true,
        "reload": { "base": 12000, "FASTER_CANNON_RELOAD": 9600 },
        "clip": 1,
        "inaccuracy": { "base": 0.5, "PRECISE_GUNNERY": 0.45},
        "blastDmg": {"base": 84, "HIGH_TEMPERATURE_JELLY": 96},
        "blastSplashRadius": { "base": 10, "HIGH_PRESSURE_JELLY": 20},
        "penDmg":0,
        "recoilForce": {"base": 8.0, "INCREASED_CANNON_DAMAGE": 4.0},
        "fireArc": {"direction": "forwards", "degrees": 60},
        "muzzleCenterX": {"base": 3, "INCREASED_CANNON_DAMAGE": 2.9375},
        "muzzleCenterY": {"base": 1, "INCREASED_CANNON_DAMAGE": 1},
        "muzzleLength": 4.5,
        "optimumRange": 500,
        "fireSound": {
            "layers": [
                {
                    "variations": [ "cannon0", "cannon1", "cannon2", "cannon3", "cannon4", "cannon5", "cannon6" ],
                    "volume": {
                        "min": 2,
                        "max": 2,
						"distance": [
                            0, 1,
							750, 0.75,
							2000, 0.3,
							3000, 0.2,
							4000, 0.1,
							5000, 0
                        ]
                    },
                    "pitch": {
                        "min": 1.3,
                        "max": 1.9,
                        "distance": [
                            0, 1,
                            2000, 0.9,
							4000, 0.75
                        ]
                    }
                },
                {
                    "variations": [ "hv_cannon0", "hv_cannon1", "hv_cannon2" ],
                    "volume": {
                        "min": 4,
                        "max": 4,
						"distance": [
                            0, 1,
							1500, 0.75,
							4000, 0.3,
							6000, 0.2,
							8000, 0.1,
							10000, 0
                        ]
                    },
                    "pitch": {
                        "min": 1.3,
                        "max": 1.9,
                        "distance": [
                            0, 1,
                            2000, 0.9,
							4000, 0.75
                        ]
                    }
                },
                {
                    "variations": [ "cannon_d_0", "cannon_d_1", "cannon_d_2", "cannon_d_3" ],
                    "volume": {
                        "min": 1.7,
                        "max": 1.7,
						"distance": [
                            0, 0,
							750, 0,
							2000, 0.1,
							3000, 0.5,
							4000, 0.75,
							5000, 0.1
						]
					},
                    "pitch": {
                        "min": 1.3,
                        "max": 1.9,
                        "distance": [
                            0, 1,
                            2000, 1,
							5000, 0.85
						]
					}
				}
            ]
        },
        "explodeHP": { "base": 80, "SAFER_CANNONS": 0 },
        "explodeDmg": { "base": 70, "SAFER_CANNONS": 0 },
        "weaponAppearance": {
           "base": {
              "back": {"src": "hvsponson_sprt", "x":12, "y":14, "w":3, "h":2},
              "barrel": {"src": "hvsponson_sprt", "x":128, "y":144, "w":73, "h":13},
              "shot": {"src":"hvsponson_sprt", "x":10, "y":199, "w":7, "h":7},
              "barrelX": 11,
              "barrelY": 9,
              "recoil": 0,
              "hitExplosionSize": 2,
              "missExplosionSize": 0,
              "shotEmitter": { "type": "flame", "emitProbability": 0.01 }
            },
          "cases":[
              {"bonuses": ["INCREASED_CANNON_DAMAGE"], "value":
                {
                  "back": {"src": "hvsponson_sprt", "x":8, "y":12, "w":2, "h":2},
                  "barrel": {"src": "hvsponson_sprt", "x":0, "y":158, "w":90, "h":14},
                  "shot": {"src":"hvsponson_sprt", "x":0, "y":192, "w":10, "h":5},
                  "barrelX": 2,
                  "barrelY": 9,
                  "recoil": 10,
                  "hitExplosionSize": 2,
                  "missExplosionSize": 0,
                  "shotEmitter": { "type": "trailing_smoke", "emitProbability": 0.007 }
                }
              }
          ]
        },
        "canOccupy": [
            { "x": 0, "y": 1 },
            { "x": 1, "y": 1 },
            { "x": 2, "y": 1 },
            { "x": 3, "y": 1 }
        ],
        "leftDoors": [1]
    }
]
