[
	{
		"name": "FLIPPED_IMP_CANNON",
		"flippedFrom": "IMP_CANNON"
	},
	{
		"name": "IMP_CANNON",
		"categories": ["WEAPONS"], "sort": 15,
		"required": "IMPERIAL_CANNON",
		"isWeapon": true, "isGun": true, "isCannon": true,
		"w": 5, "h": 3,
		"appearance": {
			"base": { "src": "modules", "x": 48, "y": 3, "w": 5, "h": 3 },
			"cases": [
				{ "bonuses": [ "DECK_GUNS", "INCREASED_CANNON_DAMAGE" ], "value": { "src": "modules", "x": 48, "y": 15, "w": 5, "h": 3 } }
			]
		},
		"canOccupy": [
			{ "x": 0, "y": 2 },
			{ "x": 1, "y": 2 },
			{ "x": 2, "y": 2 },
			{ "x": 3, "y": 2 },
			{ "x": 4, "y": 2 },
			{ "x": 0, "y": 0 },
			{ "x": 0, "y": 1 }
		],
		"upDoors": [ 0 ], "leftDoors": [ 2 ],
		"frontOnly": true,
		"moveDelay": 600,
		"hp": 500,
		"fireHP": 220,
		"explodeHP": { "base": 150, "SAFER_CANNONS": 0 },
		"explodeDmg": { "base": 300, "SAFER_CANNONS": 0 },
		"weight": 400,
		"cost": 800,
		"crew": 4,
		"recommendedCrew": 5, "recommendedGuards": 1,
		"penDmg": { "base": 320, "INCREASED_CANNON_DAMAGE": 400 },
		"reload": { "base": 8000, "FASTER_CANNON_RELOAD": 6400 },
		"clip": 1, "ammoPerClip": 2,
		"recoilForce": 8.0,
		"shotSpeed": 2,
		"inaccuracy": { "base": 0.0018, "PRECISE_GUNNERY": 0.0009 },
		"optimumRange": 400,
		"fireArc": { "direction": "forwards", "degrees": 45 },
		"muzzleCenterX": {
			"base": 3.781,
			"cases": [
				{ "bonuses": [ "DECK_GUNS", "INCREASED_CANNON_DAMAGE" ], "value": 4.031 }
			]
		},
		"muzzleCenterY": {
			"base": 1.5,
			"cases": [
				{ "bonuses": [ "DECK_GUNS", "INCREASED_CANNON_DAMAGE" ], "value": 1.406 }
			]
		},
		"muzzleLength": {
			"base": 2.562,
			"cases": [
				{ "bonuses": [ "DECK_GUNS", "INCREASED_CANNON_DAMAGE" ], "value": 6 }
			]
		},
		"hitParticle": "damaged_spark",
		"weaponAppearance": {
			"base": {
				"back": { "src": "modules", "x": 48, "y": 9, "w": 4, "h": 3 },
				"shot": { "src": "modules", "x": 147, "y": 451, "w": 13, "h": 13 },
				"barrel": { "src": "modules", "x": 768, "y": 192, "w": 80, "h": 24 },
				"barrelX": 20.5, "barrelY": 12,
				"recoil": 18,
				"shotEmitter": { "type": "trailing_smoke", "emitProbability": 0.003 },
				"impactParticle": "rock_bit", "numImpactParticles": 10
			},
			"cases": [
				{ "bonuses": [ "DECK_GUNS", "INCREASED_CANNON_DAMAGE" ], "value": {
					"back": { "src": "modules", "x": 46, "y": 15, "w": 2, "h": 3 },
					"shot": { "src": "modules", "x": 750, "y": 288, "w": 18, "h": 9 },
					"barrel": { "src": "modules", "x": 659, "y": 297, "w": 189, "h": 29 },
					"barrelX": -30, "barrelY": 8,
					"recoil": 24,
					"shotEmitter": { "type": "trailing_smoke", "emitProbability": 0.01 }
				} }
			]
		},
		"fireSound": { "layers": [
			{
				"variations": [ "cannon0", "cannon1", "cannon2", "cannon3", "cannon4", "cannon5", "cannon6" ],
				"volume": {
					"value": 3,
					"distance": [
						0, 1,
						750, 0.75,
						2000, 0.3,
						3000, 0.2,
						4000, 0.1,
						5000, 0
					],
				},
				"pitch": {
					"min": 0.8, "max": 1.1,
					"distance": [
						0, 1,
						2000, 0.9,
						4000, 0.75
					]
				}
			},
			{
				"variations": [ "hv_cannon2" ],
				"volume": {
					"value": 4,
					"distance": [
						0, 1,
						3000, 0.75,
						6000, 0.5,
						8000, 0.2,
						10000, 0.1
					],
				},
				"pitch": {
					"min": 0.8, "max": 1.1,
					"distance": [
						0, 1,
						2000, 0.9,
						4000, 0.75
					]
				}
			},
			{
				"variations": [ "cannon_d_0", "cannon_d_1", "cannon_d_2", "cannon_d_3" ],
				"volume": {
					"value": 2.5,
					"distance": [
						0, 0,
						750, 0,
						2000, 0.1,
						3000, 0.5,
						4000, 0.75,
						5000, 0.1
					],
				},
				"pitch": {
					"min": 0.8, "max": 1.1,
					"distance": [
						0, 1,
						2000, 1,
						5000, 0.85
					]
				}
			}	
		] }
	}
]