[
    {
        "name": "LARGE_GAFF_SAIL",
        "categories": ["PROPULSION"],
        "availableFor": ["AIRSHIP"],
        "verticallyFlippedVersion": "LARGE_GAFF_SAIL_VF",
        "armourType": "MAST",
        "isSail": true,
        "external": true,
        "w": 5,
        "h": 5,
        "appearance": {
            "src": "normalsail",
            "x": 0,
            "y": 16,
            "w": 5,
            "h": 5
        },
        "mask": {
            "x": 0,
            "y": 16,
        },
        "externalAppearances": [
            {
                "x": 0,
                "y": 0,
                "appearance": {
                    "src": "normalsail",
                    "x": 0,
                    "y": 38,
                    "w": 5,
                    "h": 5
                }
            }
        ],
        "damagedExternalAppearances": [
            {
                "x": 0,
                "y": 0,
                "appearance": {
                    "src": "normalsail",
                    "x": 17,
                    "y": 38,
                    "w": 5,
                    "h": 5
                }
            }
        ],
        "destroyedExternalAppearances": [
            {
                "x": 0,
                "y": 0,
                "appearance": {
                    "src": "normalsail",
                    "x": 34,
                    "y": 38,
                    "w": 5,
                    "h": 5
                }
            }
        ],
        "externalSubColor": { "r": 217, "g": 203, "b": 177 },
        "externalDrawPriority": true,
        "windows": [],
        "hp": 90,
        "fireHP": 45,
        "moveDelay": 600,
        "weight": 120,
        "cost": 30,
        "propulsion": 0.13,
        "producesHorizontalDrag": false,
        "crew": 2,
        "recommendedCrew": 3,
		"upDoors": [ 4 ],
        "canOccupy": [
            { "x": 4, "y": 0 },
            { "x": 4, "y": 1 },
            { "x": 4, "y": 2 },
            { "x": 4, "y": 3 },
			{ "x": 4, "y": 4 }
        ]
    },
    {
        "name": "LARGE_GAFF_SAIL_VF",
        "deriveFrom": "LARGE_GAFF_SAIL",
        "appearance": {
            "src": "flippedsail",
            "x": 0,
            "y": 43,
            "w": 5,
            "h": 5
        },
        "mask": {
            "x": 0,
            "y": 43,
        },
        "externalAppearances": [
            {
                "x": 0,
                "y": 0,
                "appearance": {
                    "src": "flippedsail",
                    "x": 0,
                    "y": 21,
                    "w": 5,
                    "h": 5
                }
            }
        ],
        "damagedExternalAppearances": [
            {
                "x": 0,
                "y": 0,
                "appearance": {
                    "src": "flippedsail",
                    "x": 17,
                    "y": 21,
                    "w": 5,
                    "h": 5
                }
            }
        ],
        "destroyedExternalAppearances": [
            {
                "x": 0,
                "y": 0,
                "appearance": {
                    "src": "flippedsail",
                    "x": 34,
                    "y": 21,
                    "w": 5,
                    "h": 5
                }
            }
        ],
    },
]
