[
    {
        "name": "FLIPPED_ROCKETS_EXTERNAL",
        "flippedFrom": "ROCKETS_EXTERNAL"
    },
    {
        "name": "ROCKETS_EXTERNAL",
        "categories": ["WEAPONS"],
        "required": "ROCKETS",
        "availableFor": ["AIRSHIP"],
        "isWeapon": true,
        "w": 3,
        "h": 1,
        "appearance": {
            "src": "spritesheet",
            "x": 0,
            "y": 18,
            "w": 3,
            "h": 1
        },
        "mask": {
            "x": 0,
            "y": 18
        },
        "externalAppearances": [
            {
                "appearance": {
                    "src": "spritesheet",
                    "x": 0,
                    "y": 18,
                    "w": 3,
                    "h": 1
                }
            }
        ],
        "external": true,
        "drawExternalsBelowDecals": true,
		"drawAppearanceInside": false,
        "drawExternalsWhenInside": true,
        "producesHorizontalDrag": false,
        "gunPortsCreateDrag": false,
        "externalSubColor": { "r": 123, "g": 66, "b": 27 },
        "hp": 60,
        "fireHP": 0,
        "moveDelay": 10000,
        "weight": 30,
        "cost": 30,
        "crew": 0,
        "canOccupy": [],
        "frontOnly": true,
        "bottomOnly": true,
        "isExplosive": true,
        "shotSpeed": 0.6,
        "jitterMerge": 0.6,
        "canResupplyInCombat": false,
        "inaccuracy": 0.003,
        "obeysFireMode": false,
		"impactForce": 1.3,
        "blastDmg": {
            "base": 40,
            "multipliers": {
				"POWERFUL_EXPLOSIVES": 1.3
			}
        },
        "blastSplashRadius": 40,
		"clip": 4,
		"reload": 200,
        "penDmg": 0,
        "fireArc": { "direction": "forwards", "degrees": 45 },
        "muzzleCenterX": 2.125,
        "muzzleCenterY": 0.5,
        "muzzleLength": 0,
        "muzzleFlash": false,
        "optimumRange": 100,
        "fireSound": {
            "base": {
                "layers": [
                    {
                        "variations": [ "rocket0", "rocket1", "rocket2", "rocket3", "rocket4", "rocket5" ],
                        "volume": 2.2,
                        "pitch": {
                            "min": 0.8,
                            "max": 1.2,
                            "distance": [
                                0, 1.3,
                                3000, 0.5
                            ]
                        }
                    }
                ]
            },
            "RAPID_ROCKET_FIRE": {
                "layers": [
                    {
                        "variations": [ "rocket0", "rocket1", "rocket2", "rocket3", "rocket4", "rocket5" ],
                        "volume": 1.6,
                        "pitch": {
                            "min": 1.1,
                            "max": 1.35,
                            "distance": [
                                0, 1.3,
                                3000, 0.5
                            ]
                        }
                    }
                ]
            }
        },
        "explodeHP": 30,
        "explodeDmg": 30,
        "weaponAppearance": {
            "onlyShowBarrelIfLoaded": true,
            "shot": { "src": "spritesheet", "x": 80, "y": 313, "w": 35, "h": 5 },
            "barrel": { "src": "spritesheet", "x": 80, "y": 313, "w": 35, "h": 5 },
            "barrelX": 16.5,
            "barrelY": 5.5,
            "shotEmitter": { "type": "trailing_smoke", "emitProbability": 0.01 },
            "hitExplosionSize": 3,
            "missExplosionSize": 2,
            "exhaust": {
                "type": "rocket_exhaust",
                "p": 0.1,
                "backOffset": 18,
                "angleRange": 0.35,
                "randomOffset": 3,
                "speedMin": 1.5,
                "speedMax": 2.5
            }
        }
    }
]
