[
	{
		"name": "SMALL_SUSPENDIUM_CHAMBER",
		"categories": ["LIFT"], "sort": -5,
		"availableFor": ["AIRSHIP"],
		"required": "SUSPENDIUM_CHAMBERS",
		"w": 1, "h": 2,
		"appearance": {
			"src": "modules",
			"interval": 60,
			"frames": [
				{ "x": 0, "y": 0, "w": 1, "h": 2 },
				{ "x": 1, "y": 0, "w": 1, "h": 2 },
				{ "x": 2, "y": 0, "w": 1, "h": 2 },
				{ "x": 3, "y": 0, "w": 1, "h": 2 },
				{ "x": 4, "y": 0, "w": 1, "h": 2 },
				{ "x": 5, "y": 0, "w": 1, "h": 2 }
			]
		},
		"externalAppearances": [ {
			"x": 0, "y": 1,
			"appearance": { "src": "modules", "x": 27, "y": 5 }
		} ],
		"damagedExternalAppearances": [ {
			"x": 0, "y": 1,
			"appearance": { "src": "modules", "x": 28, "y": 5 }
		} ],
		"destroyedExternalAppearances": [ {
			"x": 0, "y": 1,
			"appearance": { "src": "modules", "x": 29, "y": 5 }
		} ],
		"moveDelay": 800,
		"hp": 60,
		"fireHP": 35,
		"explodeHP": 25, "explodeDmg": 20,
		"weight": 50,
		"cost": 60,
		"lift": { "base": 600, "SUSPENDIUM_SPECIALISTS": 780 },
		"coalReload": 100000,
		"crew": 1, "recommendedCrew": 1,
        "hitParticle": "susp_damaged_spark",
        "destructionParticle": "susp_explode_spark", "destructionParticleDensity": 10,
		"fragmentsSpeedMult": 2, "fragmentsFireMult": 1.5,
		"runningLoop": {
			"layers": [ {
				"variations": [ "suspendium_3200" ],
				"volume": {
					"value": 0.03,
					"onViewingSide": [
						0, 0.5,
						1, 1
					],
					"ySpeed": [
						-0.3, 1.3,
						-0.05, 1.0,
						0, 1.0
					]
				},
				"pitch": {
					"value": 1.05,
					"ySpeed": [
						-0.3, 1.2,
						-0.1, 1.0,
						0, 1.0,
						0.1, 1.0,
						0.3, 0.85
					]
				}
			} ]
		},
		"emitters": [
			{
				"x": 0.312, "y": 1,
				"type": "smoke",
				"emitProbability": 0.0012
			},
			{
				"x": 0.312, "y": 1.719,
				"type": "ember",
				"emitProbability": 0.001,
				"inside": true
			},
			{
				"x": 0.75, "y": 1.55,
				"type": "small_susp_chamber_spark",
				"emitProbability": 0.013,
				"inside": true
			}
		],
		"lights": [
			{
				"r": 128, "g": 45, "b": 5,
				"radius": 15,
				"x": 0.312, "y": 1.719
			},
			{
				"r": 0, "g": 231, "b": 185,
				"radius": 20,
				"x": 0.75, "y": 1.55
			},
			{
				"r": 116, "g": 116, "b": 78,
				"radius": 20,
				"x": 0.7, "y": 1.8
			}
		]
	}
]