[
    {
        "name": "SMALL_LEGS",
        "categories": ["PROPULSION"],
        "availableFor": ["LANDSHIP"],
        "required": "LEGS",
        "w": 3,
        "h": 1,
        "appearance": {
            "src": "spritesheet",
            "interval": 150,
            "frames": [
                { "x": 57, "y": 0, "w": 3, "h": 1 },
                { "x": 57, "y": 1, "w": 3, "h": 1 }
            ]
        },
        "hp": 200,
        "fireHP": 70,
        "moveDelay": 800,
        "weight": 150,
        "cost": 70,
        "propulsion": 0.4,
        "coalReload": 20000,
        "crew": 1,
        "recommendedCrew": 2,
        "bottomOnly": false,
        "upDoors": [ 2 ],
        "externalAppearances": [
            {
                "x": 0,
                "y": 0,
                "appearance": {
                    "src": "spritesheet",
                    "x": 31,
                    "y": 11
                }
            }
        ],
        "emitters": [
            {
                "x": 0.22,
                "y": 0,
                "type": "smoke",
                "emitProbability": 0.0015
            },
            {
                "x": 0.6,
                "y": 0.55,
                "type": "ember",
                "emitProbability": 0.004,
                "inside": true
            }
        ],
        "lights": [
            {
                "r": 255, "g": 90, "b": 10,
                "radius": 30,
                "x": 0.6,
                "y": 0.55
            }
        ],
        "legs": [
            {
                "back": false,
                "xOffset": 1.5,
                "yOffset": -0.5,
                "limbLength": 70,
                "footWidth": 18,
                "footHeight": 0,
                "stepLength": 80,
                "maxStepTime": 1000,
                "bendForwards": false,
                "spring": {
                    "xOffset": 0,
                    "length": 110,
                    "minCompressedLength": 85,
                    "k": 0.06
                },
                "upperLeg": { "src": "wheels_and_legs", "x": 1, "y": 1, "w": 140, "h": 20 },
                "lowerLeg": { "src": "wheels_and_legs", "x": 1, "y": 22, "w": 140, "h": 20 },
                "foot": { "src": "wheels_and_legs", "x": 1, "y": 43, "w": 20, "h": 20 },
                "beginStepSound": {
				    "layers": [
				        {
				            "variations": ["hiss0", "hiss1", "hiss2"],
				            "volume": { "min": 0.2, "max": 0.3 },
                            "pitch": { "min": 1.1, "max": 1.2 }
				        }
				    ]
				},
                "footDownSound": {
                    "layers": [
                        {
                            "variations": [ "step0", "step1", "step2" ],
                            "volume": {
                                "min": 0.4,
                                "max": 0.6
                            },
                            "pitch": {
                                "min": 1.0,
                                "max": 1.1
                            }
                        }
                    ]
                },
                "minFootY": -18
            },
            {
                "back": true,
                "xOffset": 1.5,
                "yOffset": -0.5,
                "limbLength": 70,
                "footWidth": 18,
                "footHeight": 0,
                "stepLength": 80,
                "maxStepTime": 1000,
                "bendForwards": false,
                "spring": {
                    "xOffset": 0,
                    "length": 110,
                    "minCompressedLength": 85,
                    "k": 0.06
                },
                "upperLeg": { "src": "wheels_and_legs", "x": 1, "y": 1, "w": 140, "h": 20 },
                "lowerLeg": { "src": "wheels_and_legs", "x": 1, "y": 22, "w": 140, "h": 20 },
                "foot": { "src": "wheels_and_legs", "x": 1, "y": 43, "w": 20, "h": 20 },
                "beginStepSound": {
				    "layers": [
				        {
				            "variations": ["hiss0", "hiss1", "hiss2"],
				            "volume": { "min": 0.2, "max": 0.3 },
                            "pitch": { "min": 1.1, "max": 1.2 }
				        }
				    ]
				},
                "footDownSound": {
                    "layers": [
                        {
                            "variations": [ "step0", "step1", "step2" ],
                            "volume": {
                                "min": 0.4,
                                "max": 0.6
                            },
                            "pitch": {
                                "min": 1.0,
                                "max": 1.1
                            }
                        }
                    ]
                },
                "minFootY": -18
            }
        ]
    }
]
