[
    {
        "name": "FLIPPED_SPONSON",
        "flippedFrom": "SPONSON"
    },
    {
        "name": "SPONSON",
        "categories": ["WEAPONS"],
        "required": "SPONSONS",
        "isWeapon": true,
        "w": 3,
        "h": 1,
        "appearance": {
            "src": "spritesheet",
            "x": 54,
            "y": 33,
            "w": 3,
            "h": 1
        },
        "mask": {
            "x": 51,
            "y": 33
        },
        "externalAppearances": [
            {
                "x": 0,
                "y": 0,
                "appearance": {
                    "src": "spritesheet",
                    "x": 51,
                    "y": 34,
                    "w": 3,
                    "h": 1
                }
            }
        ],
        "drawExternalsBelowDecals": true,
        "hp": 110,
        "fireHP": 60,
        "moveDelay": 800,
        "weight": 90,
        "cost": 80,
        "crew": 1,
        "recommendedCrew": 2,
        "recommendedGuards": 1,
        "isGun": true,
        "isCannon": true,
        "reload": { "base": 2700, "FASTER_CANNON_RELOAD": 2160 },
        "clip": 1,
        "inaccuracy": { "base": 0.0016, "PRECISE_GUNNERY": 0.0008 },
        "blastDmg": 0,
        "penDmg": { "base": 40, "INCREASED_CANNON_DAMAGE": 50 },
        "recoilForce": 1,
        "fireArc": { "direction": "forwards", "degrees": 40 },
        "muzzleCenterX": 2.1875,
        "muzzleCenterY": 0.5,
        "muzzleLength": 2.3,
        "optimumRange": 300,
        "fireSound": {
            "layers": [
                {
                    "variations": [ "cannon0", "cannon1", "cannon2", "cannon3", "cannon4", "cannon5", "cannon6" ],
                    "volume": {
                        "min": 2,
                        "max": 2,
						"distance": [
                            0, 1,
							750, 0.75,
							2000, 0.3,
							3000, 0.2,
							4000, 0.1,
							5000, 0
                        ],
                    },
                    "pitch": {
                        "min": 0.9,
                        "max": 1.2,
                        "distance": [
                            0, 1,
                            2000, 0.9,
							4000, 0.75
                        ]
                    }
                },
                {
                    "variations": [ "cannon_high_1", "cannon_high_2", "cannon_high_3", "cannon_high_4", "cannon_high_5", "cannon_high_6" ],
                    "volume": {
                        "min": 0.3,
                        "max": 0.3,
						"distance": [
                            0, 1,
							750, 0.75,
							2000, 0.3,
							3000, 0.2,
							4000, 0.1,
							5000, 0
                        ],
                    },
                    "pitch": {
                        "min": 0.9,
                        "max": 1.2,
                        "distance": [
                            0, 1,
                            2000, 0.9,
							4000, 0.75
                        ]
                    }
                },
				{
                    "variations": [ "cannon_d_0", "cannon_d_1", "cannon_d_2", "cannon_d_3" ],
                    "volume": {
                        "min": 0.6,
                        "max": 0.6,
						"distance": [
                            0, 0,
							750, 0,
							2000, 0.1,
							3000, 0.5,
							4000, 0.75,
							5000, 0.1
						],
					},
                    "pitch": {
                        "min": 0.9,
                        "max": 1.2,
                        "distance": [
                            0, 1,
                            2000, 1,
							5000, 0.85
						]
					}
				}	
			]
		},
        "explodeHP": { "base": 30, "SAFER_CANNONS": 0 },
        "explodeDmg": { "base": 35, "SAFER_CANNONS": 0 },
        "weaponAppearance": {
            "shot": { "src": "spritesheet", "x": 16, "y": 304, "w": 5, "h": 5 },
            "barrel": { "src": "spritesheet", "x": 834, "y": 523, "w": 48, "h": 4 },
            "externalBarrel": { "src": "spritesheet", "x": 834, "y": 517, "w": 48, "h": 4 },
            "barrelX": 11,
            "barrelY": 6,
            "recoil": 1
        }
    }
]
