[
    {
        "name": "BOWSPRIT5",
        "categories": ["DECORATIVE"],
        "availableFor": ["AIRSHIP", "LANDSHIP"],
        "verticallyFlippedVersion": "BOWSPRIT5_VF",
        "external": true,
        "w": 3,
        "h": 3,
        "appearance": {
            "src": "normalsail",
            "x": 21,
            "y": 8,
            "w": 3,
            "h": 3
        },
        "externalAppearances": [
            {
                "x": 0,
                "y": 0,
                "appearance": {
                    "src": "normalsail",
                    "x": 21,
                    "y": 8,
                    "w": 3,
                    "h": 3
                }
            }
        ],
        "hp": 100,
        "fireHP": 0,
        "moveDelay": 10000,
        "weight": 10,
        "cost": 20,
        "shipHPBonus": 100,
        "canOccupy": [],
        "producesHorizontalDrag": false,
        "mask": {
            "x": 21,
            "y": 8
        }
    },
    {
        "name": "BOWSPRIT5_VF",
        "deriveFrom": "BOWSPRIT5",
        "appearance": {
            "src": "flippedsail",
            "x": 21,
            "y": 53,
            "w": 3,
            "h": 3
        },
        "externalAppearances": [
            {
                "x": 0,
                "y": 0,
                "appearance": {
                    "src": "flippedsail",
                    "x": 21,
                    "y": 53,
                    "w": 3,
                    "h": 3
                }
            }
        ],
        "mask": {
            "x": 21,
            "y": 53
        }
    }
]