[
    {
        "name": "FLIPPED_MASSIVE_ROCKETS_EXTERNAL",
        "flippedFrom": "MASSIVE_ROCKETS_EXTERNAL"
    },
    {
        "name": "MASSIVE_ROCKETS_EXTERNAL",
        "categories": ["WEAPONS"],
        "required": "ROCKETS",
        "availableFor": ["AIRSHIP"],
        "isWeapon": true,
        "w": 5,
        "h": 1,
        "appearance": {
            "src": "spritesheet",
            "x": 0,
            "y": 17,
            "w": 5,
            "h": 1
        },
        "mask": {
            "x": 0,
            "y": 17
        },
        "externalAppearances": [
            {
                "appearance": {
                    "src": "spritesheet",
                    "x": 0,
                    "y": 17,
                    "w": 5,
                    "h": 1
                }
            }
        ],
        "external": true,
        "producesHorizontalDrag": false,
        "gunPortsCreateDrag": false,
        "drawExternalsBelowDecals": true,
		"drawAppearanceInside": false,
        "drawExternalsWhenInside": true,
        "externalSubColor": { "r": 123, "g": 66, "b": 27 },
        "hp": 100,
        "fireHP": 0,
        "moveDelay": 10000,
        "weight": 70,
        "cost": 80,
        "canOccupy": [],
        "frontOnly": true,
        "bottomOnly": true,
        "isExplosive": true,
        "shotSpeed": 0.675,
        "jitterMerge": 0.3,
        "canResupplyInCombat": false,
        "obeysFireMode": false,
        "inaccuracy": 0.0025,
		"impactForce": 5.0,
        "blastDmg": { "base": 65, "multipliers": {"POWERFUL_EXPLOSIVES": 1.3 } },
        "blastSplashRadius": 80,
        "penDmg": 0,
		"clip": 2,
		"reload": 100,
        "fireArc": { "direction": "forwards", "degrees": 30 },
        "muzzleCenterX": 3.125,
        "muzzleCenterY": 0.625,
        "muzzleLength": 0,
        "muzzleFlash": false,
        "optimumRange": 100,
        "fireSound": {
            "layers": [
                {
                    "variations": [ "rocket0", "rocket1", "rocket2", "rocket3", "rocket4", "rocket5" ],
                    "volume": 3.2,
                    "pitch": {
                        "min": 0.2,
                        "max": 0.3,
                        "distance": [
                            0, 1.3,
                            3000, 0.5
                        ]
                    }
                }
            ]
        },
        "explodeHP": 50,
        "explodeDmg": 80,
        "weaponAppearance": {
            "onlyShowBarrelIfLoaded": true,
            "shot": { "src": "spritesheet", "x": 464, "y": 577, "w": 64, "h": 15 },
            "barrel": { "src": "spritesheet", "x": 464, "y": 577, "w": 64, "h": 15 },
            "barrelX": 18,
            "barrelY": 2.5,
            "shotEmitter": { "type": "trailing_smoke", "emitProbability": 0.01 },
            "hitExplosionSize": 6,
            "missExplosionSize": 4,
            "exhaust": {
                "type": "rocket_exhaust",
                "p": 0.6,
                "backOffset": 37,
                "angleRange": 0.3,
                "randomOffset": 8,
                "speedMin": 1.5,
                "speedMax": 2.5
            }
        }
    }
]
