[
	{
		"name": "SICKBAY",
		"categories": ["COMMAND_AND_CREW"], "sort": 810,
		"w": 3, "h": 1,
		"appearance": { "src": "modules", "x": 55, "y": 25, "w": 3 },
		"windows": [
			{ "x": 0, "y": 0 },
			{ "x": 1, "y": 0 },
			{ "x": 2, "y": 0 }
		],
		"moveDelay": 600,
		"hp": 120,
		"fireHP": 50,
		"weight": 40,
		"cost": 20,
		"sickbay": { "base": 3, "MASTER_DOCTOR": 6 },
		"necromancy": { "base": false, "SECRETS_OF_DEATH": true },
		"crew": 1, "optionalCrew": 2,
		"recommendedCrew": 2,
        "destructionParticle": "paper", "destructionParticleDensity": 5,
		"lights": [ {
			"r": 128, "g": 120, "b": 50,
			"radius": 15,
			"x": 0.781, "y": 0.531
		} ]
	}
]