[
    {
        "name": "FLIPPED_GAT_SPONSON",
        "flippedFrom": "GAT_SPONSON"
    },
    {
        "name": "GAT_SPONSON",
        "categories": ["WEAPONS"],
        "required": "GATLING_GUNS",
        "isWeapon": true,
        "w": 2,
        "h": 1,
        "appearance": {
            "src": "hvsponson_sprt", "x": 14, "y": 3, "w": 2, "h": 1
        },
        "mask": {
            "x": 14,
            "y": 7
        },
        "externalAppearances":
          {
            "base": [{"x":0, "y":0, "appearance": {"src": "hvsponson_sprt", "x":4, "y":6, "w":2, "h":1}}],
            "cases": [
              {"bonuses": ["DECK_GUNS"], "value": [{
                "x":0, "y":0,
                "appearance": {"src": "hvsponson_sprt", "x":4, "y":6, "w":2, "h":1}
            }
            ]}]
        },
        "drawExternalsBelowDecals": true,
        "moveDelay": 800,
        "hp": 50,
        "fireHP": 22.5,
        "weight": 30,
        "cost": 100,
        "crew": 2,
        "recommendedCrew": 3,
        "isGun": true,
        "isCannon": true,
        "reload": 125, "clipReloadTime":2500,
        "clip": { "base": 36, "LIGHTWEIGHT_ROUNDS": 54 },
        "inaccuracy": { "base": 0.006, "LIGHTWEIGHT_ROUNDS": 0.004 },
        "fixedInaccuracyVsTroops":{"base":14, "LIGHTWEIGHT_ROUNDS": 9},
        "blastDmg": 0,
        "penDmg": { "base": 6, "ARMOUR_PIERCING_ROUNDS": 9 },
        "recoilForce": 0.5,
        "fireArc": { "direction": "forwards", "degrees": 70 },
        "muzzleCenterX": 1.3125,
        "muzzleCenterY": 0.5625,
        "muzzleLength": 0.8,
        "optimumRange": 100, "shootTroopsRange": 350, "maxRange": 1000,
        "obeysFireMode":false,
        "inaccuracyFromWeather":false,
        "jitterMerge":0.8,
        "fireSound": {
			"base": { "layers": [ {
				"variations": [ "gatling0", "gatling1", "gatling2", "gatling3", "gatling4", "gatling5", "gatling6", "gatling7", "gatling8" ],
				"volume": 1.5,
				"pitch": {
					"min": 0.9, "max": 1.1,
					"distance": [
						0, 1.2,
						3000, 0.7
					]
				}
			} ] },
			"LIGHTWEIGHT_ROUNDS": { "layers": [ {
				"variations": [ "gatling0", "gatling1", "gatling2", "gatling3", "gatling4", "gatling5", "gatling6", "gatling7", "gatling8" ],
				"volume": 1.3,
				"pitch": {
					"min": 1.3, "max": 1.4,
					"distance": [
						0, 1.2,
						3000, 0.7
					]
				}
			} ] },
			"ARMOUR_PIERCING_ROUNDS": { "layers": [ {
				"variations": [ "gatling0", "gatling1", "gatling2", "gatling3", "gatling4", "gatling5", "gatling6", "gatling7", "gatling8" ],
				"volume": 1.6,
				"pitch": {
					"min": 0.7, "max": 0.8,
					"distance": [
						0, 1.2,
						3000, 0.7
					]
				}
			} ] }
		},
        "weaponAppearance": {
            "base": {
              "back": { "src": "hvsponson_sprt", "x": 3, "y": 8, "w": 1, "h": 1},
              "shot": { "src": "hvsponson_sprt", "x": 1, "y": 205, "w": 2, "h": 1 },
              "barrelAnimation": {
                "interval": 62.5, "msPerShot": 125,
                "loop": true, "finishLoopCycle": false,
                "frames":[
                  { "src": "hvsponson_sprt", "x": 3, "y": 182, "w": 18, "h": 10 },
                  { "src": "hvsponson_sprt", "x": 23, "y": 182, "w": 18, "h": 10 },
                  { "src": "hvsponson_sprt", "x": 43, "y": 182, "w": 18, "h": 10 },
                  { "src": "hvsponson_sprt", "x": 63, "y": 182, "w": 18, "h": 10 },
                  { "src": "hvsponson_sprt", "x": 83, "y": 182, "w": 18, "h": 10 },
                  { "src": "hvsponson_sprt", "x": 103, "y": 182, "w": 18, "h": 10 },
                  { "src": "hvsponson_sprt", "x": 124, "y": 182, "w": 18, "h": 10 },
                  { "src": "hvsponson_sprt", "x": 144, "y": 182, "w": 18, "h": 10 }
                ]
              },
              "externalBarrel": { "src": "hvsponson_sprt", "x": 110, "y": 158, "w": 18, "h": 10 },
              "barrelX": 15,
              "barrelY": 5.5,
              "recoil": 2
            },
            "cases": [
              {"bonuses": ["HEAVY_TURRETS"], "value": {
                "back": { "src": "hvsponson_sprt", "x": 3, "y": 8, "w": 1, "h": 1 },
                "shot": { "src": "hvsponson_sprt", "x": 1, "y": 205, "w": 2, "h": 1 },
                "barrelAnimation": {
                  "interval": 62.5, "msPerShot": 125,
                  "loop": true, "finishLoopCycle": false,
                  "frames":[
                    { "src": "hvsponson_sprt", "x": 3, "y": 172, "w": 18, "h": 10 },
                    { "src": "hvsponson_sprt", "x": 23, "y": 172, "w": 18, "h": 10 },
                    { "src": "hvsponson_sprt", "x": 43, "y": 172, "w": 18, "h": 10 },
                    { "src": "hvsponson_sprt", "x": 63, "y": 172, "w": 18, "h": 10 },
                    { "src": "hvsponson_sprt", "x": 83, "y": 172, "w": 18, "h": 10 },
                    { "src": "hvsponson_sprt", "x": 103, "y": 172, "w": 18, "h": 10 },
                    { "src": "hvsponson_sprt", "x": 124, "y": 172, "w": 18, "h": 10 },
                    { "src": "hvsponson_sprt", "x": 144, "y": 172, "w": 18, "h": 10 }
                  ]
                },
                "externalBarrel": { "src": "hvsponson_sprt", "x": 93, "y": 158, "w": 18, "h": 10 },
                "barrelX": 17,
                "barrelY": 5.5,
                "recoil": 2
                }
        }]
      }
    }
]