[
    {
        "name": "FLIPPED_LIGHT_SPONSON",
        "flippedFrom": "LIGHT_SPONSON"
    },
    {
        "name": "LIGHT_SPONSON",
        "categories": ["WEAPONS"],
        "required": "SPONSONS",
        "isWeapon": true,
        "w": 2,
        "h": 1,
        "appearance": {
            "base": {"src": "hvsponson_sprt", "x": 14, "y": 4, "w": 2, "h": 1},
            "cases": [
              {"bonuses": ["DECK_GUNS"], "value": {"src": "hvsponson_sprt", "x": 14, "y": 2, "w": 2, "h": 1}}
            ]
        },
        "mask": {
            "x": 14,
            "y": 7
        },
        "externalAppearances":
          {
            "base": [{"x":0, "y":0, "appearance": {"src": "hvsponson_sprt", "x":2, "y":6, "w":2, "h":1}}],
            "cases": [
              {"bonuses": ["DECK_GUNS"], "value": [{
                "x":0, "y":0,
                "appearance": {"src": "hvsponson_sprt", "x":4, "y":6, "w":2, "h":1}
            }
            ]}]
        },
        "drawExternalsBelowDecals": true,
        "hp": 70,
        "fireHP": 40,
        "moveDelay": 800,
        "weight": 60,
        "cost": 50,
        "crew": 1,
        "recommendedCrew": 2,
        "recommendedGuards": 1,
        "isGun": true,
        "isCannon": true,
        "reload": { "base": 2400, "FASTER_CANNON_RELOAD": 1920 },
        "clip": 2,
        "inaccuracy": { "base": 0.0016, "PRECISE_GUNNERY": 0.0008 },
        "blastDmg": 0,
        "penDmg": { "base": 20, "INCREASED_CANNON_DAMAGE": 25 },
        "recoilForce": 0.5,
        "fireArc": { "direction": "forwards", "degrees": 45 },
        "muzzleCenterX": 1.1875,
        "muzzleCenterY": 0.5,
        "muzzleLength": 2.3,
        "optimumRange": 300,
        "fireSound": {
            "layers": [
                {
                    "variations": [ "cannon0", "cannon1", "cannon2", "cannon3", "cannon4", "cannon5", "cannon6" ],
                    "volume": {
                        "min": 1.2,
                        "max": 1.2,
						"distance": [
                            0, 1,
							750, 0.75,
							2000, 0.3,
							3000, 0.2,
							4000, 0.1,
							5000, 0
                        ]
                    },
                    "pitch": {
                        "min": 0.9,
                        "max": 1.2,
                        "distance": [
                            0, 1,
                            2000, 0.9,
							4000, 0.75
                        ]
                    }
                },
                {
                    "variations": [ "cannon_high_1", "cannon_high_2", "cannon_high_3", "cannon_high_4", "cannon_high_5", "cannon_high_6" ],
                    "volume": {
                        "min": 0.2,
                        "max": 0.2,
						"distance": [
                            0, 1,
							750, 0.75,
							2000, 0.3,
							3000, 0.2,
							4000, 0.1,
							5000, 0
                        ]
                    },
                    "pitch": {
                        "min": 0.9,
                        "max": 1.2,
                        "distance": [
                            0, 1,
                            2000, 0.9,
							4000, 0.75
                        ]
                    }
                },
				{
                    "variations": [ "cannon_d_0", "cannon_d_1", "cannon_d_2", "cannon_d_3" ],
                    "volume": {
                        "min": 0.2,
                        "max": 0.2,
						"distance": [
                            0, 0,
							750, 0,
							2000, 0.1,
							3000, 0.5,
							4000, 0.75,
							5000, 0.1
						]
					},
                    "pitch": {
                        "min": 0.9,
                        "max": 1.2,
                        "distance": [
                            0, 1,
                            2000, 1,
							5000, 0.85
						]
					}
				}
			]
		},
        "explodeHP": { "base": 20, "SAFER_CANNONS": 0 },
        "explodeDmg": { "base": 30, "SAFER_CANNONS": 0 },
        "weaponAppearance": {
            "base": {
              "back": { "src": "hvsponson_sprt", "x": 9, "y": 5, "w": 1, "h": 1},
              "shot": { "src": "hvsponson_sprt", "x": 3, "y": 202, "w": 2, "h": 2 },
              "barrel": { "src": "hvsponson_sprt", "x": 219, "y": 162, "w": 25, "h": 5 },
              "externalBarrel": { "src": "hvsponson_sprt", "x": 219, "y": 157, "w": 25, "h": 5 },
              "barrelX": 11,
              "barrelY": 5.5,
              "recoil": 1
            },
            "cases": [
              {"bonuses": ["DECK_GUNS"], "value": {
                "back": { "src": "hvsponson_sprt", "x": 8, "y": 5, "w": 1, "h": 1 },
                "shot": { "src": "hvsponson_sprt", "x": 0, "y": 205, "w": 3, "h": 1 },
                "barrel": { "src": "hvsponson_sprt", "x": 17, "y": 195, "w": 35, "h": 3 },
                "externalBarrel": { "src": "hvsponson_sprt", "x": 17, "y": 192, "w": 35, "h": 3 },
                "barrelX": 6,
                "barrelY": 6.5,
                "recoil": 1
                }
        }]
      }
    }
]
