[
    {
        "name": "FLIPPED_SPONSON",
        "flippedFrom": "SPONSON"
    },
    {
        "name": "SPONSON",
        "categories": ["WEAPONS"],
        "required": "SPONSONS",
        "isWeapon": true,
        "w": 3,
        "h": 1,
        "appearance": {
            "base": {"src": "hvsponson_sprt", "x": 11, "y": 4, "w": 3, "h": 1},
            "cases": [
              {"bonuses": ["DECK_GUNS"], "value": {"src": "hvsponson_sprt", "x": 8, "y": 4, "w": 3, "h": 1}}
            ]
        },
        "mask": {
            "x": 13,
            "y": 6
        },
        "externalAppearances":
          {
            "base": [{"x":0, "y":0, "appearance": {"src": "hvsponson_sprt", "x":12, "y":5, "w":3, "h":1}}],
            "cases": [
              {"bonuses": ["DECK_GUNS"], "value": [{
                "x":0, "y":0,
                "appearance": {"src": "hvsponson_sprt", "x":10, "y":6, "w":3, "h":1}
              }]}
            ]
          },
        "drawExternalsBelowDecals":true,
        "hp": 110,
        "fireHP": 60,
        "moveDelay": 800,
        "weight": 90,
        "cost": 80,
        "crew": 1,
        "recommendedCrew": 2,
        "recommendedGuards": 1,
        "isGun": true,
        "isCannon": true,
        "reload": { "base": 2700, "FASTER_CANNON_RELOAD": 2160 },
        "clip": 1,
        "inaccuracy": { "base": 0.0016, "PRECISE_GUNNERY": 0.0008 },
        "blastDmg": 0,
        "penDmg": { "base": 32, "INCREASED_CANNON_DAMAGE": 40 },
        "recoilForce": 0.8,
        "fireArc": { "direction": "forwards", "degrees": 40 },
        "muzzleCenterX": {"base": 1.875, "DECK_GUNS": 1.5625},
        "muzzleCenterY": 0.5,
        "muzzleLength": 2.3,
        "optimumRange": 300,
        "fireSound": {
            "layers": [
                {
                    "variations": [ "cannon0", "cannon1", "cannon2", "cannon3", "cannon4", "cannon5", "cannon6" ],
                    "volume": {
                        "min": 2,
                        "max": 2,
						"distance": [
                            0, 1,
							750, 0.75,
							2000, 0.3,
							3000, 0.2,
							4000, 0.1,
							5000, 0
                        ]
                    },
                    "pitch": {
                        "min": 0.9,
                        "max": 1.2,
                        "distance": [
                            0, 1,
                            2000, 0.9,
							4000, 0.75
                        ]
                    }
                },
                {
                    "variations": [ "cannon_high_1", "cannon_high_2", "cannon_high_3", "cannon_high_4", "cannon_high_5", "cannon_high_6" ],
                    "volume": {
                        "min": 0.3,
                        "max": 0.3,
						"distance": [
                            0, 1,
							750, 0.75,
							2000, 0.3,
							3000, 0.2,
							4000, 0.1,
							5000, 0
                        ]
                    },
                    "pitch": {
                        "min": 0.9,
                        "max": 1.2,
                        "distance": [
                            0, 1,
                            2000, 0.9,
							4000, 0.75
                        ]
                    }
                },
				{
                    "variations": [ "cannon_d_0", "cannon_d_1", "cannon_d_2", "cannon_d_3" ],
                    "volume": {
                        "min": 0.6,
                        "max": 0.6,
						"distance": [
                            0, 0,
							750, 0,
							2000, 0.1,
							3000, 0.5,
							4000, 0.75,
							5000, 0.1
						]
					},
                    "pitch": {
                        "min": 0.9,
                        "max": 1.2,
                        "distance": [
                            0, 1,
                            2000, 1,
							5000, 0.85
						]
					}
				}
			]
		},
        "explodeHP": { "base": 30, "SAFER_CANNONS": 0 },
        "explodeDmg": { "base": 35, "SAFER_CANNONS": 0 },
        "weaponAppearance": {
          "base": {
            "back": {"src": "hvsponson_sprt", "x": 8, "y": 6, "w": 2, "h": 1},
            "shot": { "src": "hvsponson_sprt", "x": 0, "y": 202, "w": 3, "h": 3 },
            "barrel": { "src": "hvsponson_sprt", "x": 201, "y": 150, "w": 36, "h": 6 },
            "externalBarrel": { "src": "hvsponson_sprt", "x": 201, "y": 144, "w": 36, "h": 6 },
            "barrelX": 15,
            "barrelY": 5,
            "recoil": 0
          },
          "cases": [
            {"bonuses": ["DECK_GUNS"], "value": {
              "back": {"src": "hvsponson_sprt", "x": 3, "y": 7, "w": 2, "h": 1},
              "shot": { "src": "hvsponson_sprt", "x": 0, "y": 206, "w": 4, "h": 2 },
              "barrel": { "src": "hvsponson_sprt", "x": 17, "y": 202, "w": 44, "h": 4 },
              "externalBarrel": { "src": "hvsponson_sprt", "x": 17, "y": 198, "w": 44, "h": 4 },
              "barrelX": 11,
              "barrelY": 6,
              "recoil": 0
              }
        }]}
    }
]
